Subscriber Count,Channel Views,Channel Category,Channel Name,Video Uploads,Country,Channel Sub-Category,Rank by Video Views,Country Rank,Channel Category Rank,Views in December,Lowest Monthly Earnings,Highest Monthly Earnings,Lowest Yearly Earnings,Highest Yearly Earnings,December Subscriber Gain,Channel Created Year,Gross tertiary education enrollment(%),Population,Unemployment Rate(%),Urban Population,Continent
245000000,228000000000,Music,T-Series,20082,India,Music,1,1,1,2258000000,564600.0,9000000.0,6800000.0,108400000.0,2000000,2006,28.1,1366417754,5.36,471031528,AS
166000000,28368841870,Entertainment,MrBeast,741,United States,Entertainment,48,1,1,1348000000,337000.0,5400000.0,4000000.0,64700000.0,8000000,2012,88.2,328239523,14.7,270663028,NA
162000000,164000000000,Education,Cocomelon - Nursery Rhymes,966,United States,Education,2,2,1,1975000000,493800.0,7900000.0,5900000.0,94800000.0,1000000,2006,88.2,328239523,14.7,270663028,NA
159000000,148000000000,Shows,SET India,116536,India,Entertainment,3,2,2,1824000000,455900.0,7300000.0,5500000.0,87500000.0,1000000,2006,28.1,1366417754,5.36,471031528,AS
106000000,90479060027,People & Blogs,Like Nastya Vlog,493,Russia,People,630,5,25,48947000,12200.0,195800.0,146800.0,2300000.0,100000,2016,81.9,144373535,4.59,107683889,EU
98900000,77180169894,Entertainment,Vlad and Niki,574,United States,Entertainment,8,5,6,580574000,145100.0,2300000.0,1700000.0,27900000.0,600000,2018,88.2,328239523,14.7,270663028,NA
96700000,57856289381,Music,Zee Music Company,8548,India,Music,12,3,2,803613000,200900.0,3200000.0,2400000.0,38600000.0,1100000,2014,28.1,1366417754,5.36,471031528,AS
96000000,77428473662,Sports,WWE,70127,United States,Sports,7,6,1,714614000,178700.0,2900000.0,2100000.0,34300000.0,600000,2007,88.2,328239523,14.7,270663028,NA
89800000,32144597566,People & Blogs,BLACKPINK,543,South Korea,Music,32,1,3,498930000,124700.0,2000000.0,1500000.0,23900000.0,700000,2016,94.3,51709098,4.15,42106719,AS
83000000,101000000000,Shows,Sony SAB,71270,India,Entertainment,4,5,7,1657000000,414300.0,6600000.0,5000000.0,79600000.0,1100000,2007,28.1,1366417754,5.36,471031528,AS
75600000,20826993957,Music,BANGTANTV,2281,South Korea,Music,112,2,4,168290000,42100.0,673200.0,504900.0,8100000.0,400000,2012,94.3,51709098,4.15,42106719,AS
71600000,30608119724,Music,Justin Bieber,249,Canada,Music,38,1,6,176326000,44100.0,705300.0,529000.0,8500000.0,100000,2007,68.9,36991981,5.56,30628482,NA
71300000,28634566938,Music,HYBE LABELS,1337,South Korea,Music,46,3,5,598173000,149500.0,2400000.0,1800000.0,28700000.0,900000,2008,94.3,51709098,4.15,42106719,AS
70500000,73139054467,Entertainment,Zee TV,129204,India,Entertainment,9,6,8,1707000000,426800.0,6800000.0,5100000.0,81900000.0,900000,2005,28.1,1366417754,5.36,471031528,AS
68200000,38843229963,Education,Pinkfong Baby Shark - Kids' Songs & Stories,2865,United States,Education,23,8,2,473387000,118300.0,1900000.0,1400000.0,22700000.0,600000,2011,88.2,328239523,14.7,270663028,NA
65900000,45757850229,Education,ChuChu TV Nursery Rhymes & Kids Songs,633,India,Education,18,7,3,420292000,105100.0,1700000.0,1300000.0,20200000.0,500000,2013,28.1,1366417754,5.36,471031528,AS
65600000,28648024439,Music,Shemaroo Filmi Gaane,8502,India,Music,47,8,8,254961000,63700.0,1000000.0,764900.0,12200000.0,400000,2010,28.1,1366417754,5.36,471031528,AS
64600000,61510906457,Shows,Colors TV,112915,India,Entertainment,10,9,9,1188000000,296900.0,4800000.0,3600000.0,57000000.0,1100000,2008,28.1,1366417754,5.36,471031528,AS
59500000,16241549158,Sports,Dude Perfect,389,United States,Sports,182,9,3,141200000,35300.0,564800.0,423600.0,6800000.0,100000,2009,88.2,328239523,14.7,270663028,NA
59500000,59316472754,Film & Animation,Movieclips,39113,United States,Film,11,9,3,114668000,28700.0,458700.0,344000.0,5500000.0,100000,2006,88.2,328239523,14.7,270663028,NA
59300000,33431802698,Music,Tips Official,4741,India,Music,30,11,10,422634000,105700.0,1700000.0,1300000.0,20300000.0,600000,2007,28.1,1366417754,5.36,471031528,AS
58400000,57271630846,Music,El Reino Infantil,1510,Argentina,Music,13,1,11,611828000,153000.0,2400000.0,1800000.0,29400000.0,600000,2011,90.0,44938712,9.79,41339571,SA
58000000,40602020243,Music,Wave Music,19487,India,Music,21,12,12,232025000,58000.0,928100.0,696100.0,11100000.0,500000,2014,28.1,1366417754,5.36,471031528,AS
57600000,25307753534,News & Politics,Aaj Tak,283775,India,News,71,13,1,461148000,115300.0,1800000.0,1400000.0,22100000.0,500000,2009,28.1,1366417754,5.36,471031528,AS
57200000,28837144516,Music,Sony Music India,3882,India,Music,45,14,13,259310000,64800.0,1000000.0,777900.0,12400000.0,300000,2009,28.1,1366417754,5.36,471031528,AS
56900000,27073872856,Music,EminemMusic,156,United States,Music,59,10,14,260193000,65000.0,1000000.0,780600.0,12500000.0,300000,2007,88.2,328239523,14.7,270663028,NA
56400000,14696003229,Entertainment,Marshmello,436,United States,Music,233,11,15,112100000,28000.0,448400.0,336300.0,5400000.0,100000,2015,88.2,328239523,14.7,270663028,NA
54600000,35302243691,Film & Animation,YRF,3707,India,Music,28,15,16,512093000,128000.0,2000000.0,1500000.0,24600000.0,500000,2006,28.1,1366417754,5.36,471031528,AS
53500000,30367676736,Music,Ed Sheeran,383,United Kingdom,Music,39,1,18,202720000,50700.0,810900.0,608200.0,9700000.0,100000,2006,60.0,66834405,3.85,55908316,EU
53300000,30516172739,Education,Infobells - Hindi,577,India,Education,37,16,4,815949000,204000.0,3300000.0,2400000.0,39200000.0,1600000,2014,28.1,1366417754,5.36,471031528,AS
52900000,29884657286,Music,Taylor Swift,216,United States,Music,40,13,19,528392000,132100.0,2100000.0,1600000.0,25400000.0,800000,2006,88.2,328239523,14.7,270663028,NA
52700000,24004842608,Music,Ariana Grande,147,United States,Music,78,14,20,160216000,40100.0,640900.0,480600.0,7700000.0,100000,2007,88.2,328239523,14.7,270663028,NA
52200000,9877365274,Education,BillionSurpriseToys  - Nursery Rhymes & CartÃ¯Â¿Â½,847,United States,Education,450,15,5,266747000,66700.0,1100000.0,800200.0,12800000.0,600000,2013,88.2,328239523,14.7,270663028,NA
48100000,14631710289,Gaming,JuegaGerman,2052,Chile,Games,237,1,2,66388000,16600.0,265600.0,199200.0,3200000.0,200000,2013,88.5,18952038,79.0,16610135,SA
47900000,13626331061,Music,Billie Eilish,65,United States,Music,263,16,21,146862000,36700.0,587400.0,440600.0,7000000.0,200000,2013,88.2,328239523,14.7,270663028,NA
47500000,30788679536,Entertainment,Get Movies,3322,Russia,Film,35,1,4,306540000,76600.0,1200000.0,919600.0,14700000.0,700000,2006,81.9,144373535,4.59,107683889,EU
47400000,22519705183,Entertainment,Shemaroo,11451,India,Entertainment,97,17,10,232744000,58200.0,931000.0,698200.0,11200000.0,500000,2007,28.1,1366417754,5.36,471031528,AS
46600000,27286058807,Music,SonyMusicIndiaVEVO,3444,United States,Music,55,17,22,314505000,78600.0,1300000.0,943500.0,15100000.0,400000,2009,88.2,328239523,14.7,270663028,NA
46300000,22936630813,Gaming,aefour,1,Cuba,People,4053056,99,5359,94,2.0,0.38,0.28,5.0,10,2006,41.4,11333483,1.64,8739135,NA
46100000,10323391593,Gaming,Fernanfloo,543,El Salvador,Games,419,1,3,33842000,8500.0,135400.0,101500.0,1600000.0,200000,2011,29.4,6453553,4.11,4694702,NA
45500000,21388725229,Entertainment,Voot Kids,4660,India,Entertainment,105,18,13,233988000,58500.0,936000.0,702000.0,11200000.0,400000,2016,28.1,1366417754,5.36,471031528,AS
45200000,16602198273,Entertainment,Felipe Neto,4331,Brazil,Entertainment,174,2,14,130359000,32600.0,521400.0,391100.0,6300000.0,200000,2006,51.3,212559417,128.0,183241641,SA
44700000,7828610828,Entertainment,VocÃ¯Â¿Â½Ã¯Â¿Â½Ã¯Â¿Â½,1558,Brazil,Entertainment,681,3,15,48032000,12000.0,192100.0,144100.0,2300000.0,100000,2013,51.3,212559417,128.0,183241641,SA
44600000,41139050371,Entertainment,HAR PAL GEO,100755,Pakistan,Entertainment,20,1,15,1337000000,334300.0,5300000.0,4000000.0,64200000.0,1300000,2008,9.0,216565318,4.45,79927762,AS
44200000,25458952022,Music,Katy Perry,128,United States,Music,70,19,24,134242000,33600.0,537000.0,402700.0,6400000.0,100000,2008,88.2,328239523,14.7,270663028,NA
44200000,50292540392,People & Blogs,ABS-CBN Entertainment,193890,Philippines,Entertainment,16,1,16,176629000,44200.0,706500.0,529900.0,8500000.0,300000,2008,35.5,108116615,2.15,50975903,AS
43500000,27568757295,People & Blogs,Shakira,326,Colombia,Howto,52,1,3,353412000,88400.0,1400000.0,1100000.0,17000000.0,500000,2005,55.3,50339443,9.71,40827302,SA
43200000,36458726976,Film & Animation,Ã½Ã½Ã½Ã½Ã½Ã½Ã½Ã½ Ã½Ã½ Ã½Ã½Ã½Ã½Ã½Ã½Ã½Ã½Ã½Ã½Ã½Ã½Ã½Ã½,1478,Russia,Education,26,2,6,303780000,75900.0,1200000.0,911300.0,14600000.0,300000,2011,81.9,144373535,4.59,107683889,EU
43200000,37939780685,Entertainment,ARY Digital HD,109871,Pakistan,Entertainment,24,2,18,1149000000,287300.0,4600000.0,3400000.0,55200000.0,900000,2016,9.0,216565318,4.45,79927762,AS
42500000,26820902622,Music,Speed Records,10938,India,Music,62,19,26,159757000,39900.0,639000.0,479300.0,7700000.0,100000,2012,28.1,1366417754,5.36,471031528,AS
42400000,24519022988,Shows,Masha and The Bear,1218,United States,Film,74,20,5,670459000,167600.0,2700000.0,2000000.0,32200000.0,1000000,2014,88.2,328239523,14.7,270663028,NA
41900000,22477745835,Entertainment,Rihanna,84,Barbados,Music,98,1,27,182926000,45700.0,731700.0,548800.0,8800000.0,100000,2005,65.4,287025,10.33,89431,NA
41400000,17608931161,Trailers,Ishtar Music,4510,India,Music,155,20,28,180942000,45200.0,723800.0,542800.0,8700000.0,400000,2005,28.1,1366417754,5.36,471031528,AS
41300000,5603111948,People & Blogs,Kimberly Loaiza,291,Mexico,People,1157,2,1,136745000,34200.0,547000.0,410200.0,6600000.0,400000,2016,40.2,126014024,3.42,102626859,NA
40900000,39450824833,Education,Little Baby Bum - Nursery Rhymes & Kids Songs,2423,United States,Education,22,22,7,98775000,24700.0,395100.0,296300.0,4700000.0,100000,2011,88.2,328239523,14.7,270663028,NA
39700000,23884824160,People & Blogs,shfa2 - Ã¯Â¿Â½Ã¯Â¿Â½,1596,United Arab Emirates,People,81,1,2,247731000,61900.0,990900.0,743200.0,11900000.0,300000,2017,36.8,9770529,2.35,8479744,AS
39200000,3294013141,Comedy,CarryMinati,186,India,Comedy,2487,21,2,78688000,19700.0,314800.0,236100.0,3800000.0,700000,2014,28.1,1366417754,5.36,471031528,AS
39200000,10507474316,Music,XXXTENTACION,133,United States,Music,403,24,29,58362000,14600.0,233400.0,175100.0,2800000.0,100000,2015,88.2,328239523,14.7,270663028,NA
39200000,44900897958,Education,Super Simple Songs - Kids Songs,744,Canada,Education,19,2,8,560756000,140200.0,2200000.0,1700000.0,26900000.0,400000,2006,68.9,36991981,5.56,30628482,NA
39100000,16118181673,Gaming,Mikecrack,1876,Spain,Games,188,1,4,264108000,66000.0,1100000.0,792300.0,12700000.0,800000,2015,88.9,47076781,13.96,37927409,EU
39000000,36131228583,Entertainment,WorkpointOfficial,72580,Thailand,Entertainment,27,1,24,130461000,32600.0,521800.0,391400.0,6300000.0,200000,2012,49.3,69625582,0.75,35294600,AS
38900000,25154232306,Music,GR6 EXPLODE,3043,Brazil,Music,73,6,30,1635000000,408700.0,6500000.0,4900000.0,78500000.0,100000,2014,51.3,212559417,128.0,183241641,SA
38600000,7339333120,Nonprofits & Activism,TEDx Talks,200933,United States,Nonprofit,768,25,1,45638000,11400.0,182600.0,136900.0,2200000.0,100000,2009,88.2,328239523,14.7,270663028,NA
38400000,21528116909,People & Blogs,Ã½Ã½Ã½Ã½Ã½Ã½Ã½Ã½Ã½Ã½ Ã½Ã½Ã½Ã½Ã½Ã½,982,Saudi Arabia,Games,150882,774,1454,1589000,397.0,6400.0,4800.0,76300.0,2000,2018,68.0,34268528,5.93,28807838,AS
38300000,16718192386,Music,Goldmines Gaane Sune Ansune,3532,India,Music,170,22,31,814756000,203700.0,3300000.0,2400000.0,39100000.0,400000,2015,28.1,1366417754,5.36,471031528,AS
38200000,13598903820,Music,21 Savage,11,United States,Music,539848,2904,2594,6348,2.0,25.0,19.0,305.0,100,2016,88.2,328239523,14.7,270663028,NA
38200000,28519339489,Shows,Sony PAL,24089,India,Entertainment,49,23,25,415914000,104000.0,1700000.0,1200000.0,20000000.0,500000,2014,28.1,1366417754,5.36,471031528,AS
38000000,22731415608,Music,Daddy Yankee,505,United States,Music,92,27,33,205594000,51400.0,822400.0,616800.0,9900000.0,100000,2011,88.2,328239523,14.7,270663028,NA
37600000,18208196857,Entertainment,Like Nastya ESP,743,United States,Entertainment,145,29,28,321026000,80300.0,1300000.0,963100.0,15400000.0,700000,2017,88.2,328239523,14.7,270663028,NA
37500000,27262462114,Entertainment,Ã½Ã½Ã½Ã½Ã½Ã½Ã½Ã½Ã½Ã½Ã½Ã½ one31,117152,Thailand,Entertainment,56,2,29,140754000,35200.0,563000.0,422300.0,6800000.0,300000,2013,49.3,69625582,0.75,35294600,AS
37200000,16402066717,Comedy,Jkk Entertainment,220,India,Comedy,178,24,3,49861000,12500.0,199400.0,149600.0,2400000.0,100000,2017,28.1,1366417754,5.36,471031528,AS
37000000,13102611515,People & Blogs,ABP NEWS,301308,India,News,280,25,2,267060000,66800.0,1100000.0,801200.0,12800000.0,400000,2012,28.1,1366417754,5.36,471031528,AS
37000000,24188861917,People & Blogs,Maria Clara & JP,744,Brazil,Entertainment,75,7,30,251449000,62900.0,1000000.0,754300.0,12100000.0,300000,2015,51.3,212559417,128.0,183241641,SA
36700000,19378155425,Music,Bruno Mars,99,United States,Music,134,30,34,175243000,43800.0,701000.0,525700.0,8400000.0,200000,2006,88.2,328239523,14.7,270663028,NA
36600000,15653786446,Trailers,Ultra Bollywood,9168,India,Entertainment,205,26,31,131462000,0.0,0.0,0.0,0.0,200000,2009,28.1,1366417754,5.36,471031528,AS
36300000,3010784935,News & Politics,YouTube,744,United States,Entertainment,2860,32,5,21103000,5300.0,84400.0,63300.0,1000000.0,300000,2005,88.2,328239523,14.7,270663028,NA
35700000,27118354077,Music,La Granja de ZenÃ¯Â¿Â½,654,Argentina,Music,58,2,37,302071000,75500.0,1200000.0,906200.0,14500000.0,400000,2013,90.0,44938712,9.79,41339571,SA
35500000,15657673422,Entertainment,Saregama Music,7566,India,Music,199,27,38,533793000,133400.0,2100000.0,1600000.0,25600000.0,900000,2013,28.1,1366417754,5.36,471031528,AS
35500000,16105023749,News & Politics,IndiaTV,273255,India,News,185,27,3,290847000,72700.0,1200000.0,872500.0,14000000.0,600000,2006,28.1,1366417754,5.36,471031528,AS
35400000,22637783517,Music,T-Series Bollywood Classics,2010,India,Music,94,28,39,331474000,82900.0,1300000.0,994400.0,15900000.0,500000,2012,28.1,1366417754,5.36,471031528,AS
35200000,20297931219,Gaming,Markiplier,5490,United States,Games,119,34,8,127329000,31800.0,509300.0,382000.0,6100000.0,100000,2012,88.2,328239523,14.7,270663028,NA
35200000,55299840198,Entertainment,Ryan's World,2453,United States,Entertainment,15,35,32,238613000,59700.0,954500.0,715800.0,11500000.0,200000,2015,88.2,328239523,14.7,270663028,NA
34900000,25607397308,Education,Genevieve's Playhouse - Learning Videos for Ã¯Â¿Â½,617,United States,Film,69,36,7,335307000,83800.0,1300000.0,1000000.0,16100000.0,300000,2016,88.2,328239523,14.7,270663028,NA
34300000,12746535822,Music,Geet MP3,679,India,Music,299,31,41,101357000,25300.0,405400.0,304100.0,4900000.0,100000,2016,28.1,1366417754,5.36,471031528,AS
34100000,23005313609,Music,J Balvin,141,Colombia,Music,89,2,42,128696000,32200.0,514800.0,386100.0,6200000.0,100000,2011,55.3,50339443,9.71,40827302,SA
34000000,3963007415,Entertainment,Jess No Limit,2284,Indonesia,Entertainment,1882,1,33,547141000,136800.0,2200000.0,1600000.0,26300000.0,5500000,2017,36.3,270203917,4.69,151509724,AS
34000000,11351015824,Film & Animation,Jingle Toons,240,India,Film,360,32,8,179903000,45000.0,719600.0,539700.0,8600000.0,600000,2013,28.1,1366417754,5.36,471031528,AS
33800000,27274550757,Film & Animation,Galinha Pintadinha,66,Brazil,Film,54,8,9,403508000,100900.0,1600000.0,1200000.0,19400000.0,200000,2006,51.3,212559417,128.0,183241641,SA
33700000,23492684419,Gaming,SSSniperWolf,3366,United States,Entertainment,83,37,35,210955000,52700.0,843800.0,632900.0,10100000.0,200000,2013,88.2,328239523,14.7,270663028,NA
33600000,13013567335,Film & Animation,Selena Gomez,188,United States,Music,288,38,43,115792000,28900.0,463200.0,347400.0,5600000.0,200000,2008,88.2,328239523,14.7,270663028,NA
33500000,14864294792,Music,Rajshri,3741,India,Entertainment,222,34,36,272255000,68100.0,1100000.0,816800.0,13100000.0,500000,2006,28.1,1366417754,5.36,471031528,AS
33500000,29611914495,Entertainment,Ch3Thailand,96214,Thailand,Entertainment,41,3,37,61307000,0.0,0.0,0.0,0.0,100000,2014,49.3,69625582,0.75,35294600,AS
33500000,11405809704,Comedy,KHANDESHI MOVIES,217,India,Comedy,357,35,4,24736000,6200.0,98900.0,74200.0,1200000.0,100000,2013,28.1,1366417754,5.36,471031528,AS
33400000,20269857567,Education,CVS 3D Rhymes & Kids Songs,338,India,Education,120,35,9,136084000,34000.0,544300.0,408300.0,6500000.0,200000,2008,28.1,1366417754,5.36,471031528,AS
33300000,5994136760,People & Blogs,Ricis Official,2736,Indonesia,Entertainment,1043,2,34,157101000,39300.0,628400.0,471300.0,7500000.0,1900000,2016,36.3,270203917,4.69,151509724,AS
32800000,26355088167,Education,BabyBus - Kids Songs and Cartoons,2122,United States,Education,64,39,10,127498000,31900.0,510000.0,382500.0,6100000.0,200000,2016,88.2,328239523,14.7,270663028,NA
32700000,17853798780,Entertainment,Mzaalo,1521,India,Entertainment,8055,730,838,20263000,5100.0,81100.0,60800.0,972600.0,40000,2012,28.1,1366417754,5.36,471031528,AS
32700000,28516250629,Music,DisneyMusicVEVO,2068,United States,Music,50,40,45,329861000,82500.0,1300000.0,989600.0,15800000.0,300000,2010,88.2,328239523,14.7,270663028,NA
32600000,23379969006,Music,The Weeknd,169,Canada,Music,85,3,45,373828000,93500.0,1500000.0,1100000.0,17900000.0,200000,2011,68.9,36991981,5.56,30628482,NA
32100000,18699145555,Music,KAROL G,134,Colombia,Music,140,3,46,465647000,116400.0,1900000.0,1400000.0,22400000.0,300000,2013,55.3,50339443,9.71,40827302,SA
32100000,10602236110,Shows,Mr Bean,3091,United Kingdom,Comedy,400,4,5,56534000,14100.0,226100.0,169600.0,2700000.0,100000,2006,60.0,66834405,3.85,55908316,EU
32000000,26800674545,Entertainment,StarPlus,44892,India,Entertainment,60,38,40,1667000000,416800.0,6700000.0,5000000.0,80000000.0,1200000,2006,28.1,1366417754,5.36,471031528,AS
31900000,19428308461,Entertainment,GMA  Network,93311,Philippines,Entertainment,129,2,41,798510000,199600.0,3200000.0,2400000.0,38300000.0,500000,2006,35.5,108116615,2.15,50975903,AS
31700000,5711208484,Science & Technology,MR. INDIAN HACKER,929,India,Tech,1132,40,1,109125000,27300.0,436500.0,327400.0,5200000.0,500000,2012,28.1,1366417754,5.36,471031528,AS
31700000,16476978876,Music,Worldwide Records Bhojpuri,6518,India,Music,177,39,48,112648000,28200.0,450600.0,337900.0,5400000.0,200000,2012,28.1,1366417754,5.36,471031528,AS
31700000,21031745531,Entertainment,DONA Ã¯Â¿Â½Ã¯Â¿Â½,166,United States,Entertainment,110,41,42,153280000,38300.0,613100.0,459800.0,7400000.0,200000,2018,88.2,328239523,14.7,270663028,NA
31700000,2930015381,Gaming,Dream,116,United States,Games,2986,41,12,27022000,6800.0,108100.0,81100.0,1300000.0,200000,2014,88.2,328239523,14.7,270663028,NA
31600000,11615848291,Entertainment,Lucas and Marcus,1321,United States,Entertainment,339,42,43,312099000,78000.0,1200000.0,936300.0,15000000.0,400000,2011,88.2,328239523,14.7,270663028,NA
31400000,22919271731,Film & Animation,Peppa Pig - Official Channel,3589,United Kingdom,Education,91,5,11,244925000,61200.0,979700.0,734800.0,11800000.0,300000,2013,60.0,66834405,3.85,55908316,EU
31200000,9673649438,People & Blogs,YOLO AVENTURAS,65,Venezuela,Comedy,3361188,522,2270,3589,0.9,14.0,11.0,172.0,100,2018,79.3,28515829,8.8,25162368,SA
31200000,17111726160,Comedy,The Tonight Show Starring Jimmy Fallon,8976,United States,Comedy,166,44,6,22511000,0.0,0.0,0.0,0.0,100000,2006,88.2,328239523,14.7,270663028,NA
31200000,6187804950,Entertainment,TheDonato,3027,Argentina,Games,997,3,12,190679000,47700.0,762700.0,572000.0,9200000.0,1900000,2015,90.0,44938712,9.79,41339571,SA
30700000,16793072362,Music,ImagineDragons,92,United States,Music,169,45,50,188837000,47200.0,755300.0,566500.0,9100000.0,100000,2009,88.2,328239523,14.7,270663028,NA
30700000,3145161634,Comedy,Round2hell,67,India,Entertainment,2687,41,45,31822000,8000.0,127300.0,95500.0,1500000.0,300000,2016,28.1,1366417754,5.36,471031528,AS
30500000,16709857823,News & Politics,Zee News,180092,India,News,168,41,4,461472000,115400.0,1800000.0,1400000.0,22200000.0,600000,2007,28.1,1366417754,5.36,471031528,AS
30500000,4521573939,Gaming,AboFlah,641,Kuwait,Entertainment,1573,1,7,157908000,39500.0,631600.0,473700.0,7600000.0,1300000,2016,54.4,4207083,2.18,4207083,AS
30200000,14199108016,Music,Adele,15,United Kingdom,Music,248,6,53,137099000,34300.0,548400.0,411300.0,6600000.0,100000,2008,60.0,66834405,3.85,55908316,EU
30200000,27684955537,Entertainment,Ã½Ã½Ã½Ã½Ã½Ã½Ã½Ã½ Ã½Ã½Ã½Ã½Ã½Ã½Ã½Ã½ Ã½Ã½Ã½Ã½Ã½Ã½Ã½Ã½Ã½Ã½ | toyoraljanahtv,3254,Jordan,Music,51,1,52,116434000,29100.0,465700.0,349300.0,5600000.0,100000,2008,34.4,10101694,14.72,9213048,AS
30100000,19607009165,Music,Spinnin' Records,11501,Netherlands,Music,127,1,54,100040000,25000.0,400200.0,300100.0,4800000.0,100000,2007,85.0,17332850,3.2,15924729,EU
29800000,4457913639,Comedy,ashish chanchlani vines,151,India,Comedy,1622,42,8,26171000,6500.0,104700.0,78500.0,1300000.0,100000,2009,28.1,1366417754,5.36,471031528,AS
29200000,14727238483,Entertainment,Zhong,1513,United States,Entertainment,230,51,48,180519000,0.0,0.0,0.0,0.0,1000000,2015,88.2,328239523,14.7,270663028,NA
29200000,11627437847,Comedy,Enaldinho,3654,Brazil,Games,338,10,15,303100000,75800.0,1200000.0,909300.0,14500000.0,1000000,2012,51.3,212559417,128.0,183241641,SA
28900000,17930570614,Education,infobells - Tamil,555,India,Education,149,44,13,109828000,27500.0,439300.0,329500.0,5300000.0,200000,2014,28.1,1366417754,5.36,471031528,AS
28400000,10062770060,Movies,Aditya Movies,5436,India,Film,432,45,11,227355000,56800.0,909400.0,682100.0,10900000.0,500000,2012,28.1,1366417754,5.36,471031528,AS
28300000,14814192034,Education,infobells - Telugu,505,India,Education,223,45,14,288110000,72000.0,1200000.0,864300.0,13800000.0,800000,2014,28.1,1366417754,5.36,471031528,AS
28300000,23844936965,Entertainment,HUM TV,106983,Pakistan,Entertainment,80,3,49,684860000,171200.0,2700000.0,2100000.0,32900000.0,700000,2011,9.0,216565318,4.45,79927762,AS
28200000,7600740993,Entertainment,Shemaroo Movies,3009,India,Film,721,46,13,184966000,46200.0,739900.0,554900.0,8900000.0,500000,2011,28.1,1366417754,5.36,471031528,AS
28200000,14412474625,Music,Michael Jackson,15,United States,Music,242,54,59,158591000,39600.0,634400.0,475800.0,7600000.0,200000,2005,88.2,328239523,14.7,270663028,NA
27700000,15777682516,Music,toycantando,619,Colombia,Music,197,4,62,173836000,43500.0,695300.0,521500.0,8300000.0,200000,2009,55.3,50339443,9.71,40827302,SA
27500000,13379395501,Music,Wiz Khalifa,682,United States,Music,275,57,63,90450000,22600.0,361800.0,271300.0,4300000.0,100000,2008,88.2,328239523,14.7,270663028,NA
27400000,19883150017,Music,JYP Entertainment,1753,South Korea,Music,124,4,64,307631000,76900.0,1200000.0,922900.0,14800000.0,200000,2008,94.3,51709098,4.15,42106719,AS
27400000,10336420490,People & Blogs,Ã½Ã½Ã½ Kids Roma Show,642,United States,Entertainment,418,58,50,175844000,44000.0,703400.0,527500.0,8400000.0,400000,2015,88.2,328239523,14.7,270663028,NA
27400000,19417887510,Gaming,DanTDM,3664,United Kingdom,Games,132,7,16,78668000,19700.0,314700.0,236000.0,3800000.0,500000,2012,60.0,66834405,3.85,55908316,EU
27300000,22440611155,Film & Animation,Nick Jr.,5438,United States,Entertainment,100,59,51,42546000,10600.0,170200.0,127600.0,2000000.0,200000,2012,88.2,328239523,14.7,270663028,NA
27300000,7705492350,Entertainment,Crazy XYZ,1259,India,Tech,707,48,2,102235000,25600.0,408900.0,306700.0,4900000.0,100000,2017,28.1,1366417754,5.36,471031528,AS
27100000,17318452893,Entertainment,Dushyant kukreja,889,India,Entertainment,159,49,52,429692000,107400.0,1700000.0,1300000.0,20600000.0,700000,2015,28.1,1366417754,5.36,471031528,AS
27000000,6570935979,Comedy,Brent Rivera,554,United States,Entertainment,909,60,53,144453000,36100.0,577800.0,433400.0,6900000.0,300000,2009,88.2,328239523,14.7,270663028,NA
26900000,7938616641,Entertainment,Renato Garcia YT,3956,Brazil,Entertainment,664,11,54,82912000,20700.0,331600.0,248700.0,4000000.0,200000,2011,51.3,212559417,128.0,183241641,SA
26700000,4388047013,People & Blogs,Beast Reacts,241,United States,Entertainment,1632,61,54,276187000,69000.0,1100000.0,828600.0,13300000.0,1200000,2016,88.2,328239523,14.7,270663028,NA
26700000,7173668905,Entertainment,Netflix,6471,United States,Entertainment,797,62,55,118226000,29600.0,472900.0,354700.0,5700000.0,200000,2012,88.2,328239523,14.7,270663028,NA
26500000,15065753455,News & Politics,Raffy Tulfo in Action,10022,Philippines,News,219,3,5,163130000,40800.0,652500.0,489400.0,7800000.0,300000,2016,35.5,108116615,2.15,50975903,AS
26400000,8595760553,Film & Animation,Goldmines Bollywood,3622,India,Film,588,50,15,99677000,24900.0,398700.0,299000.0,4800000.0,400000,2015,28.1,1366417754,5.36,471031528,AS
26400000,27006526665,Comedy,Alan Chikin Chow,865,United States,Comedy,61,63,12,1046000000,261500.0,4200000.0,3100000.0,50200000.0,1300000,2020,88.2,328239523,14.7,270663028,NA
26400000,17211600007,Entertainment,PANDA BOI,967,Italy,Entertainment,158,1,55,1225000000,306400.0,4900000.0,3700000.0,58800000.0,2000000,2020,61.9,60297396,9.89,42651966,EU
26200000,16097531087,Entertainment,Junya.Ã¯Â¿Â½Ã¯Â¿Â½Ã¯Â¿Â½Ã¯Â¿Â½,5985,Japan,Entertainment,184,2,56,721848000,180500.0,2900000.0,2200000.0,34600000.0,1100000,2020,63.2,126226568,2.29,115782416,AS
26100000,10435474336,Comedy,Smosh,1619,United States,Comedy,410,65,13,68156000,17000.0,272600.0,204500.0,3300000.0,400000,2005,88.2,328239523,14.7,270663028,NA
25900000,11372071889,Music,Indosiar,65286,Indonesia,Entertainment,358,5,60,230183000,57500.0,920700.0,690500.0,11000000.0,600000,2013,36.3,270203917,4.69,151509724,AS
25700000,17793809548,Music,David Guetta,749,United States,Music,153,67,67,164215000,41100.0,656900.0,492600.0,7900000.0,100000,2009,88.2,328239523,14.7,270663028,NA
25700000,10242981063,Music,Nicki Minaj,42,United States,Music,425,67,67,103631000,25900.0,414500.0,310900.0,5000000.0,100000,2013,88.2,328239523,14.7,270663028,NA
25600000,25592378292,Music,TaylorSwiftVEVO,287,United States,Music,67,68,68,318593000,79600.0,1300000.0,955800.0,15300000.0,100000,2009,88.2,328239523,14.7,270663028,NA
25500000,14401218086,Music,Post Malone,78,United States,Music,243,69,69,195499000,48900.0,782000.0,586500.0,9400000.0,100000,2011,88.2,328239523,14.7,270663028,NA
25400000,6430853035,People & Blogs,Rans Entertainment,3716,Indonesia,Entertainment,942,6,62,58487000,14600.0,233900.0,175500.0,2800000.0,100000,2015,36.3,270203917,4.69,151509724,AS
25400000,34300482066,Comedy,LankyBox,8775,United States,Games,29,69,18,815341000,203800.0,3300000.0,2400000.0,39100000.0,600000,2016,88.2,328239523,14.7,270663028,NA
25300000,17331663193,Music,Coldplay,398,United Kingdom,Music,160,8,70,198875000,49700.0,795500.0,596600.0,9500000.0,100000,2010,60.0,66834405,3.85,55908316,EU
25200000,11081602368,People & Blogs,WB Kids,2025,United States,Film,375,70,16,140319000,35100.0,561300.0,421000.0,6700000.0,300000,2015,88.2,328239523,14.7,270663028,NA
25200000,10409352249,News & Politics,The Lallantop,51129,India,News,408,52,6,273920000,68500.0,1100000.0,821800.0,13100000.0,300000,2015,28.1,1366417754,5.36,471031528,AS
25000000,14169516119,Entertainment,TRANS7 OFFICIAL,89179,Indonesia,Entertainment,251,7,64,123189000,30800.0,492800.0,369600.0,5900000.0,100000,2014,36.3,270203917,4.69,151509724,AS
25000000,14827085149,Music,Anuel AA,147,Colombia,Music,225,6,73,284144000,71000.0,1100000.0,852400.0,13600000.0,300000,2016,55.3,50339443,9.71,40827302,SA
24800000,17387583720,Entertainment,Dan Rhodes,1644,United Kingdom,Entertainment,157,9,66,331889000,83000.0,1300000.0,995700.0,15900000.0,500000,2015,60.0,66834405,3.85,55908316,EU
24800000,3699352704,Entertainment,America's Got Talent,1894,United States,Entertainment,2122,72,65,134412000,33600.0,537600.0,403200.0,6500000.0,400000,2006,88.2,328239523,14.7,270663028,NA
24700000,20531704527,Music,EminemVEVO,104,United States,Music,115,73,74,139443000,34900.0,557800.0,418300.0,6700000.0,100000,2009,88.2,328239523,14.7,270663028,NA
24600000,23755792542,Music,KatyPerryVEVO,175,United States,Music,82,74,75,88940000,22200.0,355800.0,266800.0,4300000.0,100000,2009,88.2,328239523,14.7,270663028,NA
24600000,3647987299,Science & Technology,Mark Rober,120,United States,Tech,2178,74,3,88625000,22200.0,354500.0,265900.0,4300000.0,200000,2011,88.2,328239523,14.7,270663028,NA
24400000,12385924995,Entertainment,Like Nastya AE,658,United States,Entertainment,312,75,68,169865000,42500.0,679500.0,509600.0,8200000.0,400000,2018,88.2,328239523,14.7,270663028,NA
24300000,6608773195,Film & Animation,Pen Movies,1667,India,Film,903,53,17,94853000,23700.0,379400.0,284600.0,4600000.0,300000,2014,28.1,1366417754,5.36,471031528,AS
24200000,2700914170,Entertainment,MrBeast en EspaÃ¯Â¿Â½Ã¯,67,Mexico,Entertainment,3309,10,70,33590000,8400.0,134400.0,100800.0,1600000.0,100000,2021,40.2,126014024,3.42,102626859,NA
24100000,10999000479,Comedy,Alejo Igoa,802,Argentina,Entertainment,376,4,71,401512000,100400.0,1600000.0,1200000.0,19300000.0,600000,2014,90.0,44938712,9.79,41339571,SA
24100000,56106087508,Music,netd mÃ¯Â¿Â½Ã¯Â¿,23491,Turkey,Music,14,2,76,424815000,106200.0,1700000.0,1300000.0,20400000.0,200000,2014,23.9,83429615,13.49,63097818,AS
24000000,13943030228,Comedy,Spider Slack,901,Brazil,Comedy,252,13,14,761451000,190400.0,3000000.0,2300000.0,36500000.0,1100000,2020,51.3,212559417,128.0,183241641,SA
24000000,8279004442,Gaming,Preston,4009,United States,Entertainment,621,78,72,151697000,37900.0,606800.0,455100.0,7300000.0,200000,2012,88.2,328239523,14.7,270663028,NA
23900000,4067878931,Entertainment,James Charles,505,United States,Entertainment,1860,79,73,58126000,14500.0,232500.0,174400.0,2800000.0,100000,2015,88.2,328239523,14.7,270663028,NA
23900000,7213499085,People & Blogs,Diana and Roma EN,511,United States,Entertainment,787,79,73,177769000,44400.0,711100.0,533300.0,8500000.0,300000,2011,88.2,328239523,14.7,270663028,NA
23800000,10414479943,Howto & Style,Troom Troom,2425,United States,Howto,412,80,8,98052000,24500.0,392200.0,294200.0,4700000.0,100000,2015,88.2,328239523,14.7,270663028,NA
23800000,17688774915,Music,Enrique Iglesias,443,United States,Music,154,80,77,122914000,30700.0,491700.0,368700.0,5900000.0,100000,2007,88.2,328239523,14.7,270663028,NA
23700000,20289689389,Pets & Animals,That Little Puff,769,United States,Animals,118,81,1,755054000,188800.0,3000000.0,2300000.0,36200000.0,1100000,2020,88.2,328239523,14.7,270663028,NA
23600000,2135644776,Entertainment,Juan De Dios Pantoja,226,Mexico,People,4529,11,10,46862000,11700.0,187400.0,140600.0,2200000.0,200000,2014,40.2,126014024,3.42,102626859,NA
23600000,6766461070,Entertainment,Maya and Mary,552,United States,Entertainment,883,82,75,44542000,11100.0,178200.0,133600.0,2100000.0,400000,2013,88.2,328239523,14.7,270663028,NA
23600000,7920637200,Film & Animation,Peppa Pig EspaÃ¯Â¿Â½Ã¯Â¿Â½Ã¯Â¿Â½Ã¯Â¿Â½Ã¯Â¿Â½Ã¯Â¿Â½Ã¯Â¿Â½Ã¯Â¿Â½Ã¯Â¿Â½,1251,United Kingdom,Film,668,12,19,53589000,13400.0,214400.0,160800.0,2600000.0,100000,2014,60.0,66834405,3.85,55908316,EU
23400000,9465863821,Film & Animation,Tilak,6672,India,Film,493,56,20,367347000,91800.0,1500000.0,1100000.0,17600000.0,900000,2020,28.1,1366417754,5.36,471031528,AS
23300000,22471357411,Entertainment,Sesame Street,3657,United States,Entertainment,99,83,78,124187000,31000.0,496700.0,372600.0,6000000.0,100000,2006,88.2,328239523,14.7,270663028,NA
23200000,2634,Science & Technology,Happy Lives,1,United States,Entertainment,4053372,84,79,6589000000,0.0,0.0,0.0,0.0,100000,2016,88.2,328239523,14.7,270663028,NA
23200000,15751661213,People & Blogs,Lady Gaga,172,United States,Music,198,83,79,143169000,35800.0,572700.0,429500.0,6900000.0,100000,2008,88.2,328239523,14.7,270663028,NA
23100000,12889240875,Music,Wave Music Bhojpuri,22578,India,Music,293,59,81,52678000,13200.0,210700.0,158000.0,2500000.0,100000,2014,28.1,1366417754,5.36,471031528,AS
23100000,2551113422,People & Blogs,TED,4445,United States,Tech,3568,85,4,13246000,3300.0,53000.0,39700.0,635800.0,100000,2006,88.2,328239523,14.7,270663028,NA
23100000,9299371231,Music,unknown boy varun,456,India,Music,506,58,80,304021000,76000.0,1200000.0,912100.0,14600000.0,700000,2016,28.1,1366417754,5.36,471031528,AS
23100000,13151870846,Shows,Kids TV - Nursery Rhymes And Baby Songs,3781,United States,Music,282,85,81,128448000,32100.0,513800.0,385300.0,6200000.0,700000,2013,88.2,328239523,14.7,270663028,NA
23000000,31494513067,Entertainment,Tsuriki Show,2905,Germany,Comedy,34,1,15,756717000,189200.0,3000000.0,2300000.0,36300000.0,800000,2019,70.2,83132799,34.0,64324835,EU
23000000,6041264489,Entertainment,DrossRotzank,1598,Argentina,Entertainment,1040,5,80,35539000,8900.0,142200.0,106600.0,1700000.0,100000,2006,90.0,44938712,9.79,41339571,SA
23000000,10939966484,Entertainment,White Hill Music,5718,India,Music,382,60,82,93183000,23300.0,372700.0,279500.0,4500000.0,100000,2014,28.1,1366417754,5.36,471031528,AS
22900000,5320485069,Movies,Ultra Movie Parlour,1670,India,Film,1248,61,22,118846000,0.0,0.0,0.0,0.0,300000,2011,28.1,1366417754,5.36,471031528,AS
22900000,16298342829,Music,toyorbabytv,1159,Jordan,Music,181,2,83,169056000,42300.0,676200.0,507200.0,8100000.0,300000,2012,34.4,10101694,14.72,9213048,AS
22900000,13206471140,Education,BabyBus - Canciones Infantiles & Videos paraÃ¯Â¿Â½,1251,Mexico,Education,278,12,17,136821000,34200.0,547300.0,410500.0,6600000.0,200000,2018,40.2,126014024,3.42,102626859,NA
22700000,10115316784,People & Blogs,Vania Mania Kids,985,United States,Education,438,87,18,155215000,38800.0,620900.0,465600.0,7500000.0,300000,2015,88.2,328239523,14.7,270663028,NA
22600000,20847038152,People & Blogs,Sun TV,60964,India,Entertainment,109,63,82,982238000,245600.0,3900000.0,2900000.0,47100000.0,600000,2016,28.1,1366417754,5.36,471031528,AS
22600000,9223534599,Comedy,Heroindori,495,India,Entertainment,508,62,81,399152000,99800.0,1600000.0,1200000.0,19200000.0,1400000,2020,28.1,1366417754,5.36,471031528,AS
22600000,14231943358,Music,The Chainsmokers,180,United States,Music,246,88,84,81660000,20400.0,326600.0,245000.0,3900000.0,100000,2012,88.2,328239523,14.7,270663028,NA
22600000,17507060680,People & Blogs,mmoshaya,1189,Saudi Arabia,Entertainment,156,1,83,73829000,18500.0,295300.0,221500.0,3500000.0,100000,2010,68.0,34268528,5.93,28807838,AS
22600000,27084848152,People & Blogs,LeoNata Family,2321,United States,People,57,87,11,1174000000,293500.0,4700000.0,3500000.0,56300000.0,1300000,2021,88.2,328239523,14.7,270663028,NA
22500000,2431154438,Film & Animation,Goldmines Cineplex,3377,India,Film,3793,64,23,48740000,12200.0,195000.0,146200.0,2300000.0,200000,2015,28.1,1366417754,5.36,471031528,AS
22500000,13835173331,Gaming,SSundee,3315,United States,Games,261,90,21,175094000,43800.0,700400.0,525300.0,8400000.0,200000,2009,88.2,328239523,14.7,270663028,NA
22300000,8663830163,People & Blogs,SMILE Family,34,France,Music,3805801,3046,4509,735,0.18,3.0,2.0,35.0,10,2019,65.6,67059887,8.43,54123364,EU
22300000,24059336857,Gaming,FGTeeV,1724,United States,Games,77,91,22,132110000,33000.0,528400.0,396300.0,6300000.0,100000,2013,88.2,328239523,14.7,270663028,NA
22200000,11136266461,Entertainment,Kinder Spielzeug Kanal (Kidibli),999,United States,Entertainment,370,92,86,139333000,34800.0,557300.0,418000.0,6700000.0,200000,2015,88.2,328239523,14.7,270663028,NA
22000000,9924807127,Music,Charlie Puth,157,United States,Music,449,94,86,111500000,27900.0,446000.0,334500.0,5400000.0,100000,2009,88.2,328239523,14.7,270663028,NA
22000000,18347969186,Entertainment,Sagawa /Ã¯Â¿Â½Ã¯Â¿Â½Ã¯Â¿Â½,6274,Japan,Entertainment,144,3,88,711254000,177800.0,2800000.0,2100000.0,34100000.0,800000,2021,63.2,126226568,2.29,115782416,AS
21900000,4454917643,Film & Animation,Ben Azelart,301,United States,Entertainment,1620,94,88,184946000,46200.0,739800.0,554800.0,8900000.0,500000,2014,88.2,328239523,14.7,270663028,NA
21900000,5918314128,People & Blogs,Zach Choi ASMR,946,United States,People,1069,94,12,234222000,58600.0,936900.0,702700.0,11200000.0,400000,2014,88.2,328239523,14.7,270663028,NA
21900000,15552070846,Comedy,Topper Guild,816,United States,Comedy,204,91,16,687028000,171800.0,2700000.0,2100000.0,33000000.0,1900000,2014,88.2,328239523,14.7,270663028,NA
21800000,4469711607,People & Blogs,Stokes Twins,257,United States,People,1610,95,13,197953000,49500.0,791800.0,593900.0,9500000.0,600000,2008,88.2,328239523,14.7,270663028,NA
21800000,5614621131,Science & Technology,National Geographic,10162,United States,Entertainment,1158,95,89,45812000,11500.0,183200.0,137400.0,2200000.0,100000,2006,88.2,328239523,14.7,270663028,NA
21800000,11288359365,Music,Dua Lipa,164,United Kingdom,Music,368,14,87,128047000,32000.0,512200.0,384100.0,6100000.0,100000,2011,60.0,66834405,3.85,55908316,EU
21600000,9597894786,Autos & Vehicles,DUDU e CAROL,2942,Brazil,Entertainment,481,15,90,193174000,48300.0,772700.0,579500.0,9300000.0,300000,2013,51.3,212559417,128.0,183241641,SA
21600000,5863377051,Howto & Style,Village Cooking Channel,219,India,Howto,1082,66,9,194604000,48700.0,778400.0,583800.0,9300000.0,400000,2018,28.1,1366417754,5.36,471031528,AS
21500000,5890180734,People & Blogs,Tekashi 6ix9ine,51,United States,Music,1081,96,88,113542000,28400.0,454200.0,340600.0,5400000.0,200000,2018,88.2,328239523,14.7,270663028,NA
21500000,8409641722,Gaming,INVICTOR,17,Chile,People,4038708,2889,7518,49,1.0,0.2,0.15,2.0,4,2016,88.5,18952038,79.0,16610135,SA
21400000,6264261757,Music,Sidhu Moose Wala,114,India,Music,987,67,89,160690000,40200.0,642800.0,482100.0,7700000.0,500000,2017,28.1,1366417754,5.36,471031528,AS
21300000,6269945014,People & Blogs,The Royalty Family,733,United States,People,982,98,15,160227000,40100.0,640900.0,480700.0,7700000.0,200000,2017,88.2,328239523,14.7,270663028,NA
21300000,10644857969,Music,Becky G,78,United States,Music,396,98,90,103171000,25800.0,412700.0,309500.0,5000000.0,100000,2011,88.2,328239523,14.7,270663028,NA
21300000,12761253839,People & Blogs,Ishaan Ali 11,951,India,People,301,68,16,729409000,182400.0,2900000.0,2200000.0,35000000.0,1600000,2016,28.1,1366417754,5.36,471031528,AS
21300000,5141834668,Entertainment,Infinite,1608,United States,Entertainment,1296,98,93,68350000,17100.0,273400.0,205100.0,3300000.0,200000,2014,88.2,328239523,14.7,270663028,NA
21300000,10047736580,Entertainment,Azhan5star,669,India,Entertainment,436,67,92,236293000,59100.0,945200.0,708900.0,11300000.0,600000,2021,28.1,1366417754,5.36,471031528,AS
21300000,12895427184,Entertainment,Dangal TV Channel,20225,India,Entertainment,291,67,92,561020000,140300.0,2200000.0,1700000.0,26900000.0,700000,2017,28.1,1366417754,5.36,471031528,AS
21200000,11364908616,Entertainment,GMA Public  Affairs,31989,Philippines,News,359,4,7,142317000,35600.0,569300.0,427000.0,6800000.0,200000,2009,35.5,108116615,2.15,50975903,AS
21100000,4526271677,People & Blogs,Baim Paula,2325,Indonesia,Entertainment,1583,8,94,26974000,6700.0,107900.0,80900.0,1300000.0,100000,2016,36.3,270203917,4.69,151509724,AS
21000000,7762905663,Entertainment,Rafa & Luiz,2883,Brazil,Entertainment,695,16,94,118410000,29600.0,473600.0,355200.0,5700000.0,400000,2015,51.3,212559417,128.0,183241641,SA
21000000,10631638628,Entertainment,Lyrical Lemonade,420,United States,Entertainment,398,100,95,80062000,20000.0,320200.0,240200.0,3800000.0,100000,2013,88.2,328239523,14.7,270663028,NA
20900000,1693149479,Education,Dr. Vivek Bindra: Motivational Speaker,896,India,Education,6082,69,20,28588000,7100.0,114400.0,85800.0,1400000.0,100000,2013,28.1,1366417754,5.36,471031528,AS
20900000,3828000587,Entertainment,Fatos Desconhecidos,6262,Brazil,Entertainment,2033,17,96,52330000,13100.0,209300.0,157000.0,2500000.0,100000,2013,51.3,212559417,128.0,183241641,SA
20900000,4927879069,Pets & Animals,Brave Wilderness,982,United States,Animals,1396,100,2,2989000,0.0,0.0,0.0,0.0,100000,2014,88.2,328239523,14.7,270663028,NA
20900000,11058049885,People & Blogs,LIV Crime,9850,United States,People,372,100,17,383700000,95900.0,1500000.0,1200000.0,18400000.0,600000,2020,88.2,328239523,14.7,270663028,NA
20800000,2378448129,Education,Kurzgesagt Ã¯Â¿Â½Ã¯Â¿Â½Ã¯Â¿Â½Ã¯Â¿Â½Ã¯Â¿Â½Ã¯Â¿,193,Germany,Education,3914,2,21,29269000,7300.0,117100.0,87800.0,1400000.0,100000,2013,70.2,83132799,34.0,64324835,EU
20700000,17963202261,Entertainment,Yoeslan,619,United States,Entertainment,146,101,96,874796000,218700.0,3500000.0,2600000.0,42000000.0,1000000,2020,88.2,328239523,14.7,270663028,NA
20700000,8658941531,People & Blogs,tuzelity SHUFFLE,889,Russia,People,570,3,18,552266000,138100.0,2200000.0,1700000.0,26500000.0,1600000,2015,81.9,144373535,4.59,107683889,EU
20600000,4956090094,Entertainment,deddycorbuzier,15,Indonesia,Entertainment,3539124,4044,6217,85,2.0,0.34,0.26,4.0,1,2007,36.3,270203917,4.69,151509724,AS
20600000,7657171980,Comedy,Bizarrap,83,Argentina,Entertainment,711,8,98,193176000,48300.0,772700.0,579500.0,9300000.0,200000,2017,90.0,44938712,9.79,41339571,SA
20500000,15038593883,Entertainment,Mnet K-POP,33229,South Korea,Entertainment,220,7,99,158540000,39600.0,634200.0,475600.0,7600000.0,100000,2006,94.3,51709098,4.15,42106719,AS
20500000,11009148579,Entertainment,Ninja Kidz TV,296,United States,Entertainment,377,104,99,195203000,48800.0,780800.0,585600.0,9400000.0,100000,2017,88.2,328239523,14.7,270663028,NA
20400000,1796227417,Film & Animation,Totoy kids - PortuguÃ¯Â¿Â½,206,Brazil,Film,5673,19,24,39495000,9900.0,158000.0,118500.0,1900000.0,100000,2014,51.3,212559417,128.0,183241641,SA
20400000,7311322368,People & Blogs,Jake Paul,1006,United States,People,778,105,19,14646000,3700.0,58600.0,43900.0,703000.0,100000,2013,88.2,328239523,14.7,270663028,NA
20400000,29406206620,Entertainment,Vijay Television,51515,India,Entertainment,43,70,100,907534000,226900.0,3600000.0,2700000.0,43600000.0,400000,2007,28.1,1366417754,5.36,471031528,AS
20400000,3579555124,Music,Emiway Bantai,239,India,Music,2236,70,94,41289000,10300.0,165200.0,123900.0,2000000.0,100000,2013,28.1,1366417754,5.36,471031528,AS
20300000,2441288701,Entertainment,Got Talent Global,1245,United Kingdom,Entertainment,3750,15,101,86457000,21600.0,345800.0,259400.0,4100000.0,100000,2013,60.0,66834405,3.85,55908316,EU
20300000,11819051552,Education,BabyBus - Cerita & Lagu Anak-anak,875,Indonesia,Education,332,10,22,112768000,28200.0,451100.0,338300.0,5400000.0,100000,2019,36.3,270203917,4.69,151509724,AS
20200000,2951914200,Entertainment,Ami Rodriguez,460,Colombia,Entertainment,2959,7,103,263864000,66000.0,1100000.0,791600.0,12700000.0,1600000,2009,55.3,50339443,9.71,40827302,SA
20200000,2764127969,Comedy,Noor Stars,693,United Arab Emirates,Entertainment,3238,5,102,15556000,3900.0,62200.0,46700.0,746700.0,100000,2014,36.8,9770529,2.35,8479744,AS
20200000,7274150246,Education,Kiddiestv Hindi - Nursery Rhymes & Kids Songs,226,India,Education,780,71,23,113420000,28400.0,453700.0,340300.0,5400000.0,300000,2017,28.1,1366417754,5.36,471031528,AS
20200000,20919403720,Comedy,dednahype,1935,Latvia,Comedy,108,1,19,1245000000,311200.0,5000000.0,3700000.0,59800000.0,1200000,2020,88.1,1912789,6.52,1304943,EU
20200000,19694265358,Comedy,Marta and Rustam,761,United States,Comedy,126,106,20,452250000,113100.0,1800000.0,1400000.0,21700000.0,600000,2021,88.2,328239523,14.7,270663028,NA
20200000,6098644584,Gaming,MiawAug,3713,Indonesia,Games,1023,11,27,64489000,16100.0,258000.0,193500.0,3100000.0,200000,2014,36.3,270203917,4.69,151509724,AS
20100000,23353115850,Entertainment,CookieSwirlC,3774,United States,Games,86,108,28,221702000,55400.0,886800.0,665100.0,10600000.0,200000,2013,88.2,328239523,14.7,270663028,NA
20100000,11317309935,Film & Animation,Pencilmation,1481,United States,Entertainment,366,109,104,14862000,3700.0,59400.0,44600.0,713400.0,100000,2007,88.2,328239523,14.7,270663028,NA
20100000,14816075927,Music,7clouds,2384,United States,Music,227,108,95,276751000,69200.0,1100000.0,830300.0,13300000.0,300000,2013,88.2,328239523,14.7,270663028,NA
20100000,6119294270,Howto & Style,5-Minute Crafts PLAY,5491,United States,Howto,1014,108,12,105784000,26400.0,423100.0,317400.0,5100000.0,100000,2017,88.2,328239523,14.7,270663028,NA
20100000,5634695322,Entertainment,MarvelEntertainment,1,United States,Film,4054962,6143,4024,63,2.0,0.25,0.19,3.0,30,2011,88.2,328239523,14.7,270663028,NA
20000000,3875172235,Entertainment,Gordon Ramsay,1527,United Kingdom,Entertainment,2001,16,104,39228000,9800.0,156900.0,117700.0,1900000.0,200000,2006,60.0,66834405,3.85,55908316,EU
20000000,9715291883,Film & Animation,Green Gold TV - Official Channel,1476,India,Entertainment,473,72,104,70278000,0.0,0.0,0.0,0.0,100000,2011,28.1,1366417754,5.36,471031528,AS
19900000,13917423958,Music,Gusttavo Lima Oficial,416,Brazil,Music,258,21,97,214803000,53700.0,859200.0,644400.0,10300000.0,100000,2010,51.3,212559417,128.0,183241641,SA
19800000,5759442450,People & Blogs,Crafty Panda,760,United States,Entertainment,1120,111,105,6137000,1500.0,24500.0,18400.0,294600.0,100000,2017,88.2,328239523,14.7,270663028,NA
19700000,11323617496,Entertainment,Britain's Got Talent,4225,United Kingdom,Entertainment,364,17,106,54192000,13500.0,216800.0,162600.0,2600000.0,100000,2008,60.0,66834405,3.85,55908316,EU
19600000,13930021471,Shows,Sony AATH,18661,United States,Entertainment,257,112,106,274212000,68600.0,1100000.0,822600.0,13200000.0,300000,2013,88.2,328239523,14.7,270663028,NA
19600000,8779729549,Entertainment,tabii Urdu,1306,Turkey,Entertainment,562,3,107,110806000,27700.0,443200.0,332400.0,5300000.0,100000,2020,23.9,83429615,13.49,63097818,AS
19600000,7906181776,Film & Animation,DaFuq!?Boom!,214,United States,Entertainment,656,112,106,2304000000,576000.0,9200000.0,6900000.0,110600000.0,6700000,2016,88.2,328239523,14.7,270663028,NA
19500000,5234251168,Entertainment,RKD Studios,847,India,Entertainment,1265,74,108,59841000,0.0,0.0,0.0,0.0,300000,2014,28.1,1366417754,5.36,471031528,AS
19400000,2255542592,News & Politics,DLS News,4750,India,News,4178,74,8,32111000,8000.0,128400.0,96300.0,1500000.0,100000,2017,28.1,1366417754,5.36,471031528,AS
19400000,1577859332,People & Blogs,JukiLop,85,Mexico,People,6674,14,22,2382000,595.0,9500.0,7100.0,114300.0,100000,2017,40.2,126014024,3.42,102626859,NA
19400000,23038014291,Entertainment,etvteluguindia,125974,India,Entertainment,88,75,109,272917000,68200.0,1100000.0,818800.0,13100000.0,200000,2010,28.1,1366417754,5.36,471031528,AS
19400000,5529131886,Sports,FIFA,10728,Switzerland,Sports,1186,1,5,58863000,14700.0,235500.0,176600.0,2800000.0,100000,2006,59.6,8574832,4.58,6332428,EU
19200000,7590582024,Entertainment,Sonotek,8285,India,Music,724,77,98,28678000,7200.0,114700.0,86000.0,1400000.0,100000,2011,28.1,1366417754,5.36,471031528,AS
19000000,4924054368,Education,Ã½Ã½Ã½Ã½Ã½Ã½Ã½Ã½Ã½Ã½Ã½Ã½Ã½Ã½ Ã½Ã½Ã½Ã½,60,United States,Entertainment,1399,116,111,21587000,5400.0,86300.0,64800.0,1000000.0,100000,2018,88.2,328239523,14.7,270663028,NA
19000000,7229175322,Howto & Style,SUPER SLICK SLIME SAM,903,Mexico,Howto,786,15,111,123338000,30800.0,493400.0,370000.0,5900000.0,200000,2018,40.2,126014024,3.42,102626859,NA
19000000,8281724393,Film & Animation,Wow Kidz Action,1525,India,Entertainment,618,78,111,105706000,26400.0,422800.0,317100.0,5100000.0,200000,2017,28.1,1366417754,5.36,471031528,AS
19000000,13824277846,Film & Animation,Turma da MÃ¯Â¿Â½Ã¯Â¿Â½,1154,Brazil,Film,260,22,27,76903000,19200.0,307600.0,230700.0,3700000.0,100000,2012,51.3,212559417,128.0,183241641,SA
19000000,16014044618,Music,Calvin Harris,79,United Kingdom,Music,191,18,99,102410000,25600.0,409600.0,307200.0,4900000.0,100000,2007,60.0,66834405,3.85,55908316,EU
18800000,3654621568,Education,TED-Ed,2072,United States,Education,2163,117,25,29874000,7500.0,119500.0,89600.0,1400000.0,100000,2011,88.2,328239523,14.7,270663028,NA
18800000,5257834105,Entertainment,Sidemen,312,United Kingdom,Entertainment,1263,19,113,78158000,19500.0,312600.0,234500.0,3800000.0,100000,2015,60.0,66834405,3.85,55908316,EU
18800000,9573641299,Music,Farruko,217,United States,Music,485,117,100,97758000,24400.0,391000.0,293300.0,4700000.0,100000,2009,88.2,328239523,14.7,270663028,NA
18800000,9594188708,Entertainment,Ã½Ã½Ã½Ã½Ã½Ã½Ã½Ã½Ã½Ã½Ã½Ã½Ã½Ã½Ã½Ã½Ã½Ã½Ã½Ã½Ã½Ã½,530,Ukraine,Entertainment,483,2,113,68006000,17000.0,272000.0,204000.0,3300000.0,100000,2014,82.7,44385155,8.88,30835699,EU
18800000,3276891538,Comedy,Triggered Insaan,304,India,People,2508,79,24,109026000,27300.0,436100.0,327100.0,5200000.0,700000,2014,28.1,1366417754,5.36,471031528,AS
18700000,12295637162,Entertainment,cKn,16,Spain,Music,3188353,4093,5631,102,3.0,0.41,0.31,5.0,1,2005,88.9,47076781,13.96,37927409,EU
18600000,6047584292,Entertainment,Shemaroo Comedy,4487,India,Comedy,1033,81,24,102431000,25600.0,409700.0,307300.0,4900000.0,200000,2007,28.1,1366417754,5.36,471031528,AS
18600000,20196704276,Music,GRAMMY GOLD OFFICIAL,6287,Thailand,Music,121,5,101,168597000,42100.0,674400.0,505800.0,8100000.0,100000,2014,49.3,69625582,0.75,35294600,AS
18600000,8761255550,Gaming,Ã½Ã½Ã½Ã½Ã½Ã½Ã½Ã½ Ã½Ã½Ã½Ã½Ã½Ã½Ã½Ã½Ã½Ã½ Ã½Ã½Ã½Ã½Ã½Ã½Ã½Ã½Ã½Ã½ | Arab Games Ã½Ã½Ã½,6289,Saudi Arabia,Games,566,3,31,43007000,10800.0,172000.0,129000.0,2100000.0,500000,2013,68.0,34268528,5.93,28807838,AS
18500000,2908120896,Music,Dan-Sa / Daniel Saboya,1329,Brazil,Music,45213,24,102,6148000000,0.0,0.0,0.0,0.0,100000,2007,51.3,212559417,128.0,183241641,SA
18500000,3457618361,Gaming,Marmok,374,Russia,Games,2356,5,32,38282000,9600.0,153100.0,114800.0,1800000.0,100000,2008,81.9,144373535,4.59,107683889,EU
18500000,8147575884,People & Blogs,Like Nastya Vlog,493,Russia,People,630,5,25,48947000,12200.0,195800.0,146800.0,2300000.0,100000,2016,81.9,144373535,4.59,107683889,EU
18500000,4051072188,People & Blogs,Willie Salim,679,Indonesia,People,1868,13,25,197369000,49300.0,789500.0,592100.0,9500000.0,1600000,2014,36.3,270203917,4.69,151509724,AS
18400000,11544297793,Music,RsiamMusic : Ã¯Â¿Â½Ã¯Â¿Â½Ã¯Â¿Â½Ã¯Â¿Â½Ã¯Â¿Â½Ã¯Â¿Â½Ã¯Â¿Â½Ã¯Â¿Â½,3159,Thailand,Music,346,6,103,54133000,13500.0,216500.0,162400.0,2600000.0,100000,2011,49.3,69625582,0.75,35294600,AS
18300000,7760819588,Entertainment,Miley Cyrus,142,United States,Entertainment,696,121,117,127982000,32000.0,511900.0,383900.0,6100000.0,100000,2009,88.2,328239523,14.7,270663028,NA
18300000,1556003039,Gaming,IShowSpeed,1324,United States,Games,6734,120,33,140261000,35100.0,561000.0,420800.0,6700000.0,800000,2016,88.2,328239523,14.7,270663028,NA
18100000,13378360425,Entertainment,Jake Fellman,420,United States,Entertainment,274,122,118,497044000,124300.0,2000000.0,1500000.0,23900000.0,700000,2012,88.2,328239523,14.7,270663028,NA
18100000,9983065083,Gaming,SQUEEZIE,1521,France,Entertainment,443,1,119,48099000,12000.0,192400.0,144300.0,2300000.0,100000,2011,65.6,67059887,8.43,54123364,EU
18100000,14857290259,Education,Blippi - Educational Videos for Kids,707,United States,Education,224,123,26,180412000,45100.0,721600.0,541200.0,8700000.0,300000,2014,88.2,328239523,14.7,270663028,NA
18000000,3980991248,Howto & Style,Manual do Mundo,2470,Brazil,Tech,1922,26,8,54766000,13700.0,219100.0,164300.0,2600000.0,100000,2006,51.3,212559417,128.0,183241641,SA
18000000,9601137077,Sports,How Ridiculous,650,Australia,Sports,478,5,6,391298000,97800.0,1600000.0,1200000.0,18800000.0,600000,2009,113.1,25766605,5.27,21844756,OC
18000000,17921124985,Music,SonyMusicSouthVEVO,5692,United States,Music,148,123,104,257597000,64400.0,1000000.0,772800.0,12400000.0,100000,2014,88.2,328239523,14.7,270663028,NA
17900000,7176572299,People & Blogs,David Dobrik,536,United States,People,801,125,28,8650000,2200.0,34600.0,26000.0,415200.0,100000,2014,88.2,328239523,14.7,270663028,NA
17900000,3841205465,People & Blogs,KatieAngel,982,United States,Music,2014,125,106,51687000,12900.0,206700.0,155100.0,2500000.0,100000,2015,88.2,328239523,14.7,270663028,NA
17900000,5168721499,Entertainment,RobleisIUTU,1344,Argentina,Games,1294,9,35,27545000,6900.0,110200.0,82600.0,1300000.0,100000,2013,90.0,44938712,9.79,41339571,SA
17900000,9867515979,Entertainment,Like Nastya VNM,602,Vietnam,Entertainment,455,1,121,84467000,21100.0,337900.0,253400.0,4100000.0,100000,2019,28.5,96462106,21.0,35332140,AS
17900000,9887116267,Music,Jason Derulo,830,United States,Music,446,124,105,447891000,112000.0,1800000.0,1300000.0,21500000.0,400000,2008,88.2,328239523,14.7,270663028,NA
17900000,16174530046,Shows,MGC Playhouse,1426,United States,Education,187,125,27,102621000,25700.0,410500.0,307900.0,4900000.0,100000,2009,88.2,328239523,14.7,270663028,NA
17800000,11057945183,People & Blogs,Priyal Kukreja,772,India,People,378,83,29,431390000,107800.0,1700000.0,1300000.0,20700000.0,900000,2021,28.1,1366417754,5.36,471031528,AS
17800000,8588704539,Film & Animation,MSA Previously My Story Animated,26,United States,People,3976090,5208,4978,20708,5.0,83.0,62.0,994.0,2960,2021,88.2,328239523,14.7,270663028,NA
17700000,7912733203,People & Blogs,jaanvi patel,512,India,People,671,84,30,346753000,86700.0,1400000.0,1000000.0,16600000.0,900000,2018,28.1,1366417754,5.36,471031528,AS
17700000,3647267655,People & Blogs,tanboy kun,739,Indonesia,Entertainment,2169,17,122,48174000,12000.0,192700.0,144500.0,2300000.0,100000,2016,36.3,270203917,4.69,151509724,AS
17700000,8396875537,News & Politics,24 Ã¯Â¿Â½Ã¯Â¿Â½Ã¯Â¿Â½Ã¯,211620,Ukraine,News,880,24,112,370779000,92700.0,1500000.0,1100000.0,17800000.0,230000,2006,82.7,44385155,8.88,30835699,EU
17700000,9059696049,Film & Animation,Les' Copaque Production,1716,Malaysia,Entertainment,531,1,123,117727000,29400.0,470900.0,353200.0,5700000.0,200000,2009,45.1,32447385,3.32,24475766,AS
17700000,17247584185,Film & Animation,El Payaso Plim Plim,1316,Argentina,Music,162,10,107,640030000,160000.0,2600000.0,1900000.0,30700000.0,600000,2013,90.0,44938712,9.79,41339571,SA
17600000,2274007523,Comedy,MissaSinfonia,233,Mexico,Comedy,4139,17,25,27445000,6900.0,109800.0,82300.0,1300000.0,100000,2011,40.2,126014024,3.42,102626859,NA
17600000,2977741577,Howto & Style,Ã½Ã½Ã½Ã½Ã½Ã½Ã½Ã½Ã½ Liziqi,128,China,Howto,2917,1,16,22354000,5600.0,89400.0,67100.0,1100000.0,100000,2017,50.6,1397715000,4.32,842933962,AS
17600000,6306204566,Gaming,DeGoBooM,4702,Chile,Games,973,3,36,100215000,25100.0,400900.0,300600.0,4800000.0,500000,2014,88.5,18952038,79.0,16610135,SA
17500000,7263619576,News & Politics,News18 India,182742,India,News,770,85,10,394106000,98500.0,1600000.0,1200000.0,18900000.0,700000,2007,28.1,1366417754,5.36,471031528,AS
17500000,7612385622,Entertainment,Fun For Kids TV - Hindi Rhymes,149,India,Entertainment,723,86,124,109847000,27500.0,439400.0,329500.0,5300000.0,300000,2017,28.1,1366417754,5.36,471031528,AS
17400000,17763586483,Gaming,Aphmau,4411,United States,Games,152,129,37,439870000,110000.0,1800000.0,1300000.0,21100000.0,400000,2012,88.2,328239523,14.7,270663028,NA
17400000,13043561912,Entertainment,AMARINTV : Ã¯Â¿Â½Ã¯Â¿Â½Ã¯Â¿Â½Ã¯Â¿Â½Ã¯Â¿Â½Ã¯Â¿Â½Ã¯Â¿Â½Ã¯Â¿Â½Ã¯Â¿Â½Ã¯Â¿Â½Ã¯Â¿Â½Ã¯Â¿Â½,118448,Thailand,News,286,8,11,235993000,59000.0,944000.0,708000.0,11300000.0,200000,2014,49.3,69625582,0.75,35294600,AS
17300000,1026425106,Science & Technology,Apple,180,United States,Tech,11274,130,9,46484000,11600.0,185900.0,139500.0,2200000.0,100000,2005,88.2,328239523,14.7,270663028,NA
17300000,11371738047,Entertainment,Taarak Mehta Ka Ooltah Chashmah,4778,India,Entertainment,356,87,125,331944000,83000.0,1300000.0,995800.0,15900000.0,300000,2014,28.1,1366417754,5.36,471031528,AS
17200000,3606912471,Science & Technology,Marques Brownlee,1567,United States,Tech,2196,131,10,52325000,13100.0,209300.0,157000.0,2500000.0,100000,2008,88.2,328239523,14.7,270663028,NA
17200000,11445492404,Education,El Reino a Jugar,1007,Argentina,Education,353,11,28,83709000,20900.0,334800.0,251100.0,4000000.0,100000,2015,90.0,44938712,9.79,41339571,SA
17100000,4448334716,Comedy,TheBrianMaps,498,Russia,Entertainment,1624,6,126,37164000,9300.0,148700.0,111500.0,1800000.0,100000,2012,81.9,144373535,4.59,107683889,EU
17100000,9710962528,Entertainment,TRANS TV Official,148225,Indonesia,Entertainment,472,18,127,45811000,11500.0,183200.0,137400.0,2200000.0,100000,2014,36.3,270203917,4.69,151509724,AS
17000000,10847948832,Music,Queen Official,1015,United Kingdom,Music,385,21,112,93768000,23400.0,375100.0,281300.0,4500000.0,100000,2008,60.0,66834405,3.85,55908316,EU
17000000,1001465469,Comedy,Prajapati News,1407,India,Entertainment,11662,89,128,7626000,1900.0,30500.0,22900.0,366100.0,100000,2013,28.1,1366417754,5.36,471031528,AS
16900000,8684010451,Music,Pop Chartbusters,2235,India,Music,574,90,113,72911000,18200.0,291600.0,218700.0,3500000.0,200000,2011,28.1,1366417754,5.36,471031528,AS
16900000,4609753237,Entertainment,VICE,3900,United States,Entertainment,1543,134,129,36357000,9100.0,145400.0,109100.0,1700000.0,100000,2005,88.2,328239523,14.7,270663028,NA
16900000,9544277833,People & Blogs,Danny Fitt,2337,United States,Entertainment,488,134,129,275264000,68800.0,1100000.0,825800.0,13200000.0,700000,2016,88.2,328239523,14.7,270663028,NA
16900000,3523578665,Nonprofits & Activism,Bispo Bruno Leonardo,4891,Brazil,Nonprofit,2307,29,2,149543000,37400.0,598200.0,448600.0,7200000.0,400000,2016,51.3,212559417,128.0,183241641,SA
16800000,7195314800,Entertainment,Like Nastya IDN,502,Indonesia,Entertainment,795,19,130,42836000,10700.0,171300.0,128500.0,2100000.0,100000,2019,36.3,270203917,4.69,151509724,AS
16800000,3693798804,Film & Animation,Gato Galactico | GALÃ¯Â¿Â½Ã¯Â¿,1491,Brazil,Entertainment,2129,30,130,44121000,11000.0,176500.0,132400.0,2100000.0,100000,2013,51.3,212559417,128.0,183241641,SA
16700000,7102965621,Gaming,CoryxKenshin,1693,United States,Games,814,135,39,105114000,26300.0,420500.0,315300.0,5000000.0,200000,2009,88.2,328239523,14.7,270663028,NA
16700000,8826138204,Entertainment,With Kids[Ã¯Â¿Â½Ã¯Â¿Â½Ã¯Â¿Â½Ã¯Â¿Â½Ã¯,920,United States,Entertainment,559,135,130,45698000,11400.0,182800.0,137100.0,2200000.0,100000,2012,88.2,328239523,14.7,270663028,NA
16600000,7435180827,News & Politics,NMF News,112261,India,News,749,91,12,59201000,14800.0,236800.0,177600.0,2800000.0,100000,2013,28.1,1366417754,5.36,471031528,AS
16600000,9439857193,Entertainment,SriBalajiMovies,20102,India,Entertainment,497,91,132,154049000,38500.0,616200.0,462100.0,7400000.0,200000,2011,28.1,1366417754,5.36,471031528,AS
16600000,11946217860,Music,Lahari Music - TSeries,8976,India,Music,326,91,115,89012000,22300.0,356000.0,267000.0,4300000.0,100000,2011,28.1,1366417754,5.36,471031528,AS
16600000,15278668857,Entertainment,Younes Zarou,2200,Germany,Entertainment,213,4,131,617257000,154300.0,2500000.0,1900000.0,29600000.0,900000,2021,70.2,83132799,34.0,64324835,EU
16600000,5819508534,Entertainment,Jordan Matter,413,United States,Entertainment,1088,136,132,199033000,49800.0,796100.0,597100.0,9600000.0,300000,2006,88.2,328239523,14.7,270663028,NA
16500000,2440934034,Entertainment,Ã½Ã½Ã½Ã½Ã½Ã½Ã½Ã½ Ã½Ã½Ã½Ã½Ã½Ã½Ã½Ã½Ã½Ã½Ã½Ã½Ã½Ã½Ã½Ã½Ã½Ã½Ã½Ã½Ã½Ã½,421,United States,Entertainment,3778,137,133,21953000,5500.0,87800.0,65900.0,1100000.0,200000,2014,88.2,328239523,14.7,270663028,NA
16500000,3037260680,Comedy,FailArmy,438,United States,Entertainment,2766,137,133,112986000,28200.0,451900.0,339000.0,5400000.0,100000,2011,88.2,328239523,14.7,270663028,NA
16500000,7043235131,News & Politics,BBC News Hindi,21243,India,News,821,92,13,131202000,32800.0,524800.0,393600.0,6300000.0,300000,2009,28.1,1366417754,5.36,471031528,AS
16400000,7135820721,Sports,UFC - Ultimate Fighting Championship,14662,United States,Sports,806,138,7,133208000,33300.0,532800.0,399600.0,6400000.0,100000,2006,88.2,328239523,14.7,270663028,NA
16400000,9463244435,Entertainment,Ch7HD,56203,Thailand,Entertainment,496,9,134,87757000,21900.0,351000.0,263300.0,4200000.0,100000,2010,49.3,69625582,0.75,35294600,AS
16400000,12844432341,Entertainment,GMMTV OFFICIALÃ¯Â¿Â½Ã¯Â¿Â½,23952,Thailand,Entertainment,294,9,134,181382000,45300.0,725500.0,544100.0,8700000.0,200000,2010,49.3,69625582,0.75,35294600,AS
16300000,6613422635,Music,Camila Cabello,80,United States,Music,906,139,117,42704000,10700.0,170800.0,128100.0,2000000.0,100000,2015,88.2,328239523,14.7,270663028,NA
16300000,7141825267,Entertainment,Bollywood Classics,1444,India,Music,804,93,116,151477000,37900.0,605900.0,454400.0,7300000.0,300000,2011,28.1,1366417754,5.36,471031528,AS
16300000,1656452554,Gaming,Technoblade,989,United States,Games,6274,138,40,17944000,4500.0,71800.0,53800.0,861300.0,200000,2013,88.2,328239523,14.7,270663028,NA
16200000,2990185467,Comedy,T3ddy,1930,Brazil,People,2898,31,38,33015000,8300.0,132100.0,99000.0,1600000.0,100000,2012,51.3,212559417,128.0,183241641,SA
16200000,4076692623,Gaming,JJ Olatunji,1294,United Kingdom,Entertainment,1856,23,136,27808000,7000.0,111200.0,83400.0,1300000.0,100000,2011,60.0,66834405,3.85,55908316,EU
16200000,9763592867,Music,POPS Kids,3943,Vietnam,Film,462,2,30,256733000,64200.0,1000000.0,770200.0,12300000.0,200000,2014,28.5,96462106,21.0,35332140,AS
16200000,14563841315,News & Politics,Thairath Online,244899,Thailand,News,238,10,14,224756000,56200.0,899000.0,674300.0,10800000.0,100000,2010,49.3,69625582,0.75,35294600,AS
16200000,20522339099,Entertainment,LEGO,31889,Singapore,Entertainment,116,1,136,117209000,29300.0,468800.0,351600.0,5600000.0,200000,2005,84.8,5703569,4.11,5703569,AS
16200000,14784781923,People & Blogs,XO TEAM Family,189,United States,People,153622,1776,1495,37911,9.0,152.0,114.0,1800.0,1000,2020,88.2,328239523,14.7,270663028,NA
16100000,6872702790,Entertainment,Daily Dose Of Internet,671,United States,Entertainment,851,140,136,399807000,100000.0,1600000.0,1200000.0,19200000.0,300000,2015,88.2,328239523,14.7,270663028,NA
16100000,7126210721,Music,Fitdance Academy,41,France,Entertainment,4006012,3726,6335,780,0.2,3.0,2.0,37.0,4,2006,65.6,67059887,8.43,54123364,EU
16100000,15812009296,Entertainment,Disney Junior,4045,United States,Entertainment,196,140,136,267131000,66800.0,1100000.0,801400.0,12800000.0,300000,2008,88.2,328239523,14.7,270663028,NA
16000000,5997599089,Film & Animation,Totoy kids - EspaÃ¯Â¿Â½Ã¯,344,Mexico,Film,1048,23,31,112393000,28100.0,449600.0,337200.0,5400000.0,200000,2017,40.2,126014024,3.42,102626859,NA
15900000,6534326412,Gaming,Lyna,4906,Argentina,Games,919,12,43,64085000,16000.0,256300.0,192300.0,3100000.0,200000,2014,90.0,44938712,9.79,41339571,SA
15900000,9198986881,Music,MK MUSIC,5105,Brazil,Music,516,33,120,136388000,34100.0,545600.0,409200.0,6500000.0,100000,2010,51.3,212559417,128.0,183241641,SA
15900000,9052367553,Gaming,Unspeakable,796,United States,People,530,142,40,164895000,41200.0,659600.0,494700.0,7900000.0,200000,2016,88.2,328239523,14.7,270663028,NA
15900000,6802382479,Music,Camilo,132,Colombia,Music,871,8,120,59890000,15000.0,239600.0,179700.0,2900000.0,100000,2010,55.3,50339443,9.71,40827302,SA
15800000,1349288771,Education,Dear Sir,633,India,Education,8066,95,31,24056000,6000.0,96200.0,72200.0,1200000.0,200000,2016,28.1,1366417754,5.36,471031528,AS
15800000,3392918989,News & Politics,Narendra Modi,20679,India,News,2406,96,15,185969000,46500.0,743900.0,557900.0,8900000.0,700000,2007,28.1,1366417754,5.36,471031528,AS
15800000,4122634467,People & Blogs,Arif muhammad,542,Indonesia,Comedy,1816,22,26,71870000,18000.0,287500.0,215600.0,3400000.0,100000,2017,36.3,270203917,4.69,151509724,AS
15800000,13116313599,Film & Animation,Rotten Tomatoes Trailers,10441,United States,Film,285,143,32,25738000,6400.0,103000.0,77200.0,1200000.0,100000,2011,88.2,328239523,14.7,270663028,NA
15700000,5914071870,Music,DM - Desi Melodies,79,India,Music,1071,97,121,141842000,35500.0,567400.0,425500.0,6800000.0,300000,2017,28.1,1366417754,5.36,471031528,AS
15700000,5558051295,Music,Zee Music Classic,1640,India,Music,1174,97,121,86450000,21600.0,345800.0,259300.0,4100000.0,100000,2014,28.1,1366417754,5.36,471031528,AS
15700000,8696631898,Entertainment,Prime Video India,7090,United States,Entertainment,569,144,139,335111000,83800.0,1300000.0,1000000.0,16100000.0,1200000,2016,88.2,328239523,14.7,270663028,NA
15600000,7172386509,Science & Technology,Linus Tech Tips,6542,Canada,Tech,802,7,11,88224000,22100.0,352900.0,264700.0,4200000.0,100000,2008,68.9,36991981,5.56,30628482,NA
15600000,3869457097,Entertainment,Juliana Baltar,2019,Brazil,Entertainment,2002,34,140,56218000,14100.0,224900.0,168700.0,2700000.0,100000,2010,51.3,212559417,128.0,183241641,SA
15500000,8984089026,People & Blogs,Blippi EspaÃ¯Â¿Â½Ã¯,598,Mexico,Education,538,24,32,90012000,22500.0,360000.0,270000.0,4300000.0,100000,2017,40.2,126014024,3.42,102626859,NA
15500000,6386271870,Music,Katakit Baby TV,220,Saudi Arabia,Music,954,4,122,90914000,22700.0,363700.0,272700.0,4400000.0,200000,2010,68.0,34268528,5.93,28807838,AS
15500000,7776706184,Education,Infobells Bangla,359,India,Education,687,98,32,167888000,42000.0,671600.0,503700.0,8100000.0,300000,2016,28.1,1366417754,5.36,471031528,AS
15500000,8265129639,Shows,Ã½Ã½Ã½Ã½Ã½Ã½Ã½Ã½ Ã½Ã½ Ã½Ã½Ã½Ã½Ã½Ã½Ã½Ã½,1021,Saudi Arabia,Film,619,4,33,135036000,33800.0,540100.0,405100.0,6500000.0,300000,2017,68.0,34268528,5.93,28807838,AS
15500000,12714141740,Entertainment,Kashvi Adlakha,1525,India,Entertainment,300,99,141,139123000,34800.0,556500.0,417400.0,6700000.0,200000,2017,28.1,1366417754,5.36,471031528,AS
15500000,4499826716,Howto & Style,Ã½Ã½Ã½Ã½Ã½Ã½Ã½Ã½ Ã½Ã½Ã½Ã½Ã½Ã½Ã½Ã½Ã½Ã½Ã½Ã½Ã½Ã½ Ã½Ã½Ã½Ã½ 5 Ã½Ã½Ã½Ã½Ã½Ã½Ã½Ã½Ã½Ã½,5183,Egypt,Howto,1597,1,22,32916000,8200.0,131700.0,98700.0,1600000.0,100000,2017,35.2,100388073,10.76,42895824,AF
15400000,1781226000,Comedy,Harsh Beniwal,165,India,Comedy,5724,100,27,27963000,7000.0,111900.0,83900.0,1300000.0,100000,2015,28.1,1366417754,5.36,471031528,AS
15400000,11513738907,Gaming,FFUNTV,379,United Arab Emirates,Entertainment,349,6,141,80172000,20000.0,320700.0,240500.0,3800000.0,200000,2018,36.8,9770529,2.35,8479744,AS
15400000,1543608082,Gaming,Mobile Legends: Bang Bang,1647,United States,Games,6793,147,45,55369000,13800.0,221500.0,166100.0,2700000.0,100000,2016,88.2,328239523,14.7,270663028,NA
15400000,3736069980,Science & Technology,Mrwhosetheboss,1577,United Kingdom,Tech,2083,24,12,167697000,41900.0,670800.0,503100.0,8000000.0,400000,2011,60.0,66834405,3.85,55908316,EU
15400000,14564170905,Music,Genierock,1725,Thailand,Music,239,11,124,82798000,20700.0,331200.0,248400.0,4000000.0,100000,2008,49.3,69625582,0.75,35294600,AS
15400000,4909687948,Music,zayn,21,United States,Music,1401,147,124,36790000,9200.0,147200.0,110400.0,1800000.0,100000,2016,88.2,328239523,14.7,270663028,NA
15300000,2656528205,Sports,FC Barcelona,10988,Spain,Sports,3356,11,9,84867000,21200.0,339500.0,254600.0,4100000.0,200000,2006,88.9,47076781,13.96,37927409,EU
15300000,9938811455,People & Blogs,ILYA BORZOV,2175,Russia,People,441,8,42,475565000,118900.0,1900000.0,1400000.0,22800000.0,800000,2021,81.9,144373535,4.59,107683889,EU
15300000,16545966132,Entertainment,Mazhavil Manorama,87864,India,Entertainment,175,100,142,361483000,90400.0,1400000.0,1100000.0,17400000.0,300000,2011,28.1,1366417754,5.36,471031528,AS
15200000,857725714,People & Blogs,PokÃ¯Â¿Â½Ã¯Â¿Â½Ã¯Â¿Â½Ã¯Â¿Â½Ã¯Â¿Â½Ã¯Â¿Â½Ã¯Â¿Â½Ã¯Â¿Â½Ã¯Â¿Â½,194,India,Film,13929,100,35,65380000,16300.0,261500.0,196100.0,3100000.0,1300000,2017,28.1,1366417754,5.36,471031528,AS
15200000,4503880875,Comedy,The MriDul,106,India,Comedy,1593,102,28,98329000,24600.0,393300.0,295000.0,4700000.0,200000,2015,28.1,1366417754,5.36,471031528,AS
15200000,6391679636,Music,SRK MUSIC,5056,India,Music,955,102,126,57809000,14500.0,231200.0,173400.0,2800000.0,200000,2012,28.1,1366417754,5.36,471031528,AS
15200000,7151683497,Entertainment,Sony LIV,11099,India,Entertainment,794,102,144,210909000,52700.0,843600.0,632700.0,10100000.0,300000,2014,28.1,1366417754,5.36,471031528,AS
15200000,7564652648,Entertainment,T-Series Hamaar Bhojpuri,9862,India,Music,728,101,125,105978000,26500.0,423900.0,317900.0,5100000.0,200000,2011,28.1,1366417754,5.36,471031528,AS
15200000,14198154095,News & Politics,CNN,160405,United States,News,247,148,16,187006000,46800.0,748000.0,561000.0,9000000.0,100000,2005,88.2,328239523,14.7,270663028,NA
15200000,6624168155,News & Politics,NDTV India,91704,India,News,900,101,16,49662000,12400.0,198600.0,149000.0,2400000.0,100000,2008,28.1,1366417754,5.36,471031528,AS
15100000,2143140898,Education,Daftar Populer,3810,Indonesia,Entertainment,4520,24,144,17231000,4300.0,68900.0,51700.0,827100.0,100000,2017,36.3,270203917,4.69,151509724,AS
15100000,3060202847,People & Blogs,PowerfulJRE,1037,United States,People,2796,149,43,43409000,10900.0,173600.0,130200.0,2100000.0,200000,2013,88.2,328239523,14.7,270663028,NA
15100000,5324913850,People & Blogs,Mohamed Ramadan I Ã¯Â¿Â½Ã¯Â¿Â½Ã¯Â¿Â½Ã¯Â¿Â½Ã¯Â¿Â½Ã¯Â¿Â½Ã¯,753,Egypt,Entertainment,1242,2,145,46060000,11500.0,184200.0,138200.0,2200000.0,100000,2014,35.2,100388073,10.76,42895824,AF
15100000,6668507856,Gaming,EdisonPts,3733,Russia,Games,894,10,47,95603000,23900.0,382400.0,286800.0,4600000.0,100000,2013,81.9,144373535,4.59,107683889,EU
15100000,9477021288,Comedy,RubÃ¯Â¿Â½Ã¯Â¿Â½Ã¯Â¿Â½Ã¯Â¿Â½Ã¯Â¿Â½Ã¯Â¿Â½,921,Argentina,Comedy,491,13,28,512343000,128100.0,2000000.0,1500000.0,24600000.0,700000,2016,90.0,44938712,9.79,41339571,SA
15100000,10489367372,News & Politics,ABS-CBN News,209520,Philippines,News,404,7,17,181644000,45400.0,726600.0,544900.0,8700000.0,100000,2009,35.5,108116615,2.15,50975903,AS
15100000,13897932103,Entertainment,Chapitosiki,2717,Russia,Entertainment,256,9,143,713509000,178400.0,2900000.0,2100000.0,34200000.0,700000,2020,81.9,144373535,4.59,107683889,EU
15100000,12413869881,Music,AdeleVEVO,52,United Kingdom,Music,309,25,127,84750000,21200.0,339000.0,254300.0,4100000.0,100000,2009,60.0,66834405,3.85,55908316,EU
15000000,4352427049,Gaming,MoreAliA,2324,United Kingdom,Games,1663,25,47,250995000,62700.0,1000000.0,753000.0,12000000.0,600000,2013,60.0,66834405,3.85,55908316,EU
15000000,9924103188,People & Blogs,Chetan Monga Vlogs,899,India,People,457,104,45,113572000,28400.0,454300.0,340700.0,5500000.0,400000,2014,28.1,1366417754,5.36,471031528,AS
15000000,4008801873,Entertainment,XpressTV,724,Mexico,Entertainment,1907,26,146,33880000,8500.0,135500.0,101600.0,1600000.0,100000,2014,40.2,126014024,3.42,102626859,NA
15000000,4741434420,Gaming,PlayStation,20292,United States,Games,1469,151,48,41789000,10400.0,167200.0,125400.0,2000000.0,100000,2005,88.2,328239523,14.7,270663028,NA
15000000,6889304306,Gaming,Kwebbelkop,5198,United States,Film,857,151,37,29724000,7400.0,118900.0,89200.0,1400000.0,100000,2008,88.2,328239523,14.7,270663028,NA
15000000,8658553456,Entertainment,THE BROWN SIBLINGS,965,India,Entertainment,577,103,145,102357000,25600.0,409400.0,307100.0,4900000.0,200000,2016,28.1,1366417754,5.36,471031528,AS
15000000,9978734160,Music,Sony Music South,2726,India,Music,439,103,127,242185000,60500.0,968700.0,726600.0,11600000.0,300000,2014,28.1,1366417754,5.36,471031528,AS
15000000,10239836582,Entertainment,Ray William Johnson,1803,United States,Comedy,423,151,29,312858000,78200.0,1300000.0,938600.0,15000000.0,200000,2008,88.2,328239523,14.7,270663028,NA
15000000,11827310821,News & Politics,KOMPASTV,269050,Indonesia,News,331,25,17,113064000,28300.0,452300.0,339200.0,5400000.0,100000,2013,36.3,270203917,4.69,151509724,AS
15000000,13562853889,Comedy,ISSEI / Ã¯Â¿Â½Ã¯Â¿Â½Ã¯Â¿Â½Ã¯Â¿Â½,1788,Japan,Comedy,277,5,29,282372000,70600.0,1100000.0,847100.0,13600000.0,900000,2014,63.2,126226568,2.29,115782416,AS
15000000,8932038210,Entertainment,A2 Motivation by Arvind Arora,3168,India,Entertainment,544,104,146,130731000,32700.0,522900.0,392200.0,6300000.0,200000,2017,28.1,1366417754,5.36,471031528,AS
14900000,10069000444,Music,50 Cent,419,United States,Music,435,152,129,119812000,30000.0,479200.0,359400.0,5800000.0,100000,2007,88.2,328239523,14.7,270663028,NA
14900000,8074260978,Entertainment,MNCTV OFFICIAL,66362,Indonesia,Entertainment,639,26,146,43581000,10900.0,174300.0,130700.0,2100000.0,100000,2012,36.3,270203917,4.69,151509724,AS
14900000,4395184343,Music,melanie martinez,127,United States,Music,1656,152,129,56358000,14100.0,225400.0,169100.0,2700000.0,100000,2007,88.2,328239523,14.7,270663028,NA
14900000,4977284539,Entertainment,iTownGamePlay *Terror&DiversiÃ¯Â¿Â½Ã¯,8420,Spain,Games,1377,13,49,13857000,3500.0,55400.0,41600.0,665200.0,100000,2012,88.9,47076781,13.96,37927409,EU
14900000,5549770244,Entertainment,Ã½Ã½Ã½Ã½Ã½Ã½Ã½Ã½Ã½Ã½Ã½Ã½8 : Thai Ch8,27944,Thailand,Entertainment,1181,12,147,49556000,12400.0,198200.0,148700.0,2400000.0,100000,2011,49.3,69625582,0.75,35294600,AS
14900000,5956193599,Gaming,TazerCraft,4175,Brazil,Games,1066,37,49,39775000,9900.0,159100.0,119300.0,1900000.0,100000,2011,51.3,212559417,128.0,183241641,SA
14900000,8615618825,Entertainment,Ã½Ã½Ã½Ã½Ã½Ã½Ã½Ã½Ã½Ã½Ã½Ã½Ã½Ã½Ã½Ã½Ã½Ã½BAYASHITV,93,Japan,Autos,3468229,3508,3271,2477,0.62,10.0,7.0,119.0,9,2012,63.2,126226568,2.29,115782416,AS
14800000,272678287,People & Blogs,Beast Philanthropy,34,Germany,Games,3968552,2600,4443,37883,9.0,152.0,114.0,1800.0,3580,2015,70.2,83132799,34.0,64324835,EU
14700000,1506796393,Entertainment,Canal Nostalgia TV,554,Spain,Entertainment,325721,1549,2275,226420,57.0,906.0,679.0,10900.0,600,2010,88.9,47076781,13.96,37927409,EU
14700000,4029253667,Education,StudyIQ IAS,43564,India,Education,1879,106,36,74483000,18600.0,297900.0,223400.0,3600000.0,200000,2015,28.1,1366417754,5.36,471031528,AS
14700000,6751985988,Comedy,Chad Wild Clay,698,United States,Entertainment,885,154,149,36338000,9100.0,145400.0,109000.0,1700000.0,100000,2006,88.2,328239523,14.7,270663028,NA
14700000,8882319696,Education,Netflix Jr.,1996,United States,Education,552,154,36,79402000,19900.0,317600.0,238200.0,3800000.0,100000,2012,88.2,328239523,14.7,270663028,NA
14700000,12362331529,Entertainment,Colors Rishtey,23490,India,Entertainment,310,105,148,347603000,86900.0,1400000.0,1000000.0,16700000.0,400000,2013,28.1,1366417754,5.36,471031528,AS
14700000,12961669452,News & Politics,ABC News,80830,United States,News,289,154,18,185709000,46400.0,742800.0,557100.0,8900000.0,100000,2006,88.2,328239523,14.7,270663028,NA
14700000,4684983333,Music,Camila Loures,3978,Brazil,Entertainment,1501,39,149,40975000,10200.0,163900.0,122900.0,2000000.0,100000,2014,51.3,212559417,128.0,183241641,SA
14600000,2613197447,Entertainment,Doc Tops,490,Ecuador,Entertainment,3458,1,150,16409000,4100.0,65600.0,49200.0,787600.0,100000,2014,44.9,17373662,3.97,11116711,SA
14600000,3603556207,Gaming,Jesser,1244,United States,Entertainment,2223,155,150,92594000,23100.0,370400.0,277800.0,4400000.0,400000,2012,88.2,328239523,14.7,270663028,NA
14600000,5766647017,Gaming,Preston,4009,United States,Entertainment,621,78,72,151697000,37900.0,606800.0,455100.0,7300000.0,200000,2012,88.2,328239523,14.7,270663028,NA
14600000,11182302317,Music,O Reino Infantil,1206,Brazil,Music,369,40,131,109865000,27500.0,439500.0,329600.0,5300000.0,100000,2014,51.3,212559417,128.0,183241641,SA
14600000,2750902766,Howto & Style,Mis Pastelitos,603,Mexico,Music,3248,27,131,50677000,12700.0,202700.0,152000.0,2400000.0,100000,2014,40.2,126014024,3.42,102626859,NA
14600000,5525773746,Comedy,Noman Official,560,India,Film,1185,106,38,139116000,34800.0,556500.0,417300.0,6700000.0,500000,2019,28.1,1366417754,5.36,471031528,AS
14500000,4598387043,News & Politics,BBC News,18972,United Kingdom,News,1548,26,19,66273000,16600.0,265100.0,198800.0,3200000.0,100000,2006,60.0,66834405,3.85,55908316,EU
14500000,6290721701,Music,Aadishakti Films,4790,India,Music,981,107,132,48447000,12100.0,193800.0,145300.0,2300000.0,200000,2016,28.1,1366417754,5.36,471031528,AS
14500000,9383692066,Entertainment,GMM25Thailand,68606,Thailand,Entertainment,502,13,151,45622000,11400.0,182500.0,136900.0,2200000.0,100000,2011,49.3,69625582,0.75,35294600,AS
14500000,10303519926,People & Blogs,TV9 Bharatvarsh,293516,India,News,414,106,18,418474000,104600.0,1700000.0,1300000.0,20100000.0,700000,2018,28.1,1366417754,5.36,471031528,AS
14400000,600154268,Entertainment,Ã½Ã½Ã½Ã½Ã½Ã½Ã½Ã½Ã½Ã½Ã½Ã½Ã½Ã½Ã½Ã½Ã½Ã½Ã½Ã½Ã½,364,South Korea,Entertainment,21132,14,151,1370000,342.0,5500.0,4100.0,65700.0,300000,2017,94.3,51709098,4.15,42106719,AS
14400000,2224121890,Gaming,Gyan GamingÃ¯Â¿Â½,3086,India,Games,4292,107,52,13891000,3500.0,55600.0,41700.0,666800.0,100000,2017,28.1,1366417754,5.36,471031528,AS
14400000,4035738731,Music,Rohail Hyatt,450,United States,Music,23796,962,836,3557000,889.0,14200.0,10700.0,170700.0,10000,2008,88.2,328239523,14.7,270663028,NA
14400000,4156427797,People & Blogs,Indore Physical Academy,1838,India,People,1793,107,47,70409000,17600.0,281600.0,211200.0,3400000.0,200000,2014,28.1,1366417754,5.36,471031528,AS
14400000,8011977288,Entertainment,RS 1313 SHORTS,5628,India,Entertainment,647,108,152,212639000,53200.0,850600.0,637900.0,10200000.0,200000,2020,28.1,1366417754,5.36,471031528,AS
14400000,18515587421,Entertainment,ZEE5,101401,India,Entertainment,142,108,152,149799000,37400.0,599200.0,449400.0,7200000.0,100000,2018,28.1,1366417754,5.36,471031528,AS
14300000,4776507159,People & Blogs,Super Polina,576,United States,Entertainment,1452,158,153,413774,103.0,1700.0,1200.0,19900.0,100000,2014,88.2,328239523,14.7,270663028,NA
14200000,6973932553,Entertainment,SiS,60,Ukraine,Entertainment,3739171,2460,4686,105,3.0,0.42,0.32,5.0,10,2016,82.7,44385155,8.88,30835699,EU
14200000,2084791147,Gaming,TommyInnit,342,United Kingdom,Games,4696,27,55,54291000,13600.0,217200.0,162900.0,2600000.0,200000,2015,60.0,66834405,3.85,55908316,EU
14200000,3920559552,Gaming,E-MasterSensei,1300,Mexico,Games,1971,28,54,44575000,11100.0,178300.0,133700.0,2100000.0,200000,2016,40.2,126014024,3.42,102626859,NA
14200000,6554000320,Education,infobells - Kannada,433,India,Education,912,110,37,141688000,35400.0,566800.0,425100.0,6800000.0,300000,2014,28.1,1366417754,5.36,471031528,AS
14200000,10238593147,Comedy,SEVENGERS,872,India,Comedy,422,110,33,367898000,92000.0,1500000.0,1100000.0,17700000.0,400000,2018,28.1,1366417754,5.36,471031528,AS
14200000,11428794827,Entertainment,Zee Bangla,132398,India,Entertainment,352,109,153,59927000,15000.0,239700.0,179800.0,2900000.0,200000,2008,28.1,1366417754,5.36,471031528,AS
14100000,2131548711,Music,Neha Kakkar,149,India,Music,4624,110,134,25605000,6400.0,102400.0,76800.0,1200000.0,100000,2012,28.1,1366417754,5.36,471031528,AS
14100000,5129529846,Music,TrapCity,3,Australia,People,4032620,3671,7629,147,4.0,0.59,0.44,7.0,1,2015,113.1,25766605,5.27,21844756,OC
14100000,5405563355,Autos & Vehicles,Supercar Blondie,855,United Arab Emirates,Autos,1202,7,1,353259000,88300.0,1400000.0,1100000.0,17000000.0,500000,2007,36.8,9770529,2.35,8479744,AS
14100000,6036496916,Entertainment,Yudist Ardhana,2854,Indonesia,Entertainment,1029,27,154,176062000,44000.0,704200.0,528200.0,8500000.0,400000,2016,36.3,270203917,4.69,151509724,AS
14100000,6884215292,Music,Lana Del Rey,43,United States,Music,856,160,135,135563000,33900.0,542300.0,406700.0,6500000.0,200000,2011,88.2,328239523,14.7,270663028,NA
14100000,4627069704,Entertainment,Bie The Ska,1540,Thailand,Entertainment,1531,14,155,12502000,3100.0,50000.0,37500.0,600100.0,100000,2006,49.3,69625582,0.75,35294600,AS
14000000,4674164601,People & Blogs,TV Ana Emilia,651,Mexico,Entertainment,1504,29,156,26783000,6700.0,107100.0,80300.0,1300000.0,100000,2014,40.2,126014024,3.42,102626859,NA
14000000,7719743112,Gaming,Ã½Ã½Ã½Ã½Ã½Ã½Ã½Ã½Ã½Ã½Ã½Ã½,2210,Russia,Games,703,12,56,150570000,37600.0,602300.0,451700.0,7200000.0,200000,2013,81.9,144373535,4.59,107683889,EU
14000000,8623705301,Music,Luli PampÃ¯Â¿Â½,294,Spain,Music,579,15,136,201659000,50400.0,806600.0,605000.0,9700000.0,100000,2012,88.9,47076781,13.96,37927409,EU
14000000,18917687143,People & Blogs,ViralHog,41117,United States,Animals,136,159,3,1364000000,340900.0,5500000.0,4100000.0,65500000.0,1100000,2014,88.2,328239523,14.7,270663028,NA
14000000,13542939513,People & Blogs,ETV Jabardasth,9652,India,Comedy,268,111,34,133584000,33400.0,534300.0,400800.0,6400000.0,100000,2015,28.1,1366417754,5.36,471031528,AS
14000000,5094050461,Entertainment,Crescendo com Luluca,1307,Brazil,People,1327,44,48,68058000,17000.0,272200.0,204200.0,3300000.0,100000,2015,51.3,212559417,128.0,183241641,SA
13900000,5673347763,Gaming,Jazzghost,5494,Brazil,Games,1140,46,57,106718000,26700.0,426900.0,320200.0,5100000.0,100000,2012,51.3,212559417,128.0,183241641,SA
13900000,9106781518,Entertainment,karameeshchannel,2254,Jordan,Music,526,3,137,87639000,21900.0,350600.0,262900.0,4200000.0,100000,2012,34.4,10101694,14.72,9213048,AS
13900000,5217553897,Entertainment,T-Series Regional,15075,India,Music,1275,111,136,33484000,8400.0,133900.0,100500.0,1600000.0,100000,2011,28.1,1366417754,5.36,471031528,AS
13900000,12513842343,Music,Atlantic Records,1660,United States,Music,307,161,137,97284000,24300.0,389100.0,291900.0,4700000.0,100000,2006,88.2,328239523,14.7,270663028,NA
13900000,2165885634,Education,Veritasium,369,United States,Education,4466,161,38,44149000,11000.0,176600.0,132400.0,2100000.0,200000,2010,88.2,328239523,14.7,270663028,NA
13800000,2224911030,Entertainment,Airrack,173,United States,Entertainment,4285,161,157,99654000,24900.0,398600.0,299000.0,4800000.0,300000,2015,88.2,328239523,14.7,270663028,NA
13800000,1820559912,Science & Technology,Hacksmith Industries,887,Canada,Tech,5524,10,14,83943000,21000.0,335800.0,251800.0,4000000.0,100000,2006,68.9,36991981,5.56,30628482,NA
13800000,2480957682,Gaming,Ã½Ã½Ã½Ã½Ã½Ã½Ã½Ã½/Atro,1952,Netherlands,Games,3690,4,58,55122000,13800.0,220500.0,165400.0,2600000.0,200000,2017,85.0,17332850,3.2,15924729,EU
13800000,5019136690,People & Blogs,123 GO! Spanish,520,Mexico,Howto,1361,30,28,26519000,6600.0,106100.0,79600.0,1300000.0,100000,2019,40.2,126014024,3.42,102626859,NA
13800000,5727888539,News & Politics,Geo News,190093,Pakistan,News,1127,6,21,100053000,25000.0,400200.0,300200.0,4800000.0,100000,2007,9.0,216565318,4.45,79927762,AS
13800000,6646953396,Shows,Kids TV India Hindi Nursery Rhymes,1505,India,Education,898,112,38,78651000,19700.0,314600.0,236000.0,3800000.0,100000,2014,28.1,1366417754,5.36,471031528,AS
13800000,11039343563,Music,Think Music India,4978,India,Music,374,112,137,217106000,54300.0,868400.0,651300.0,10400000.0,200000,2009,28.1,1366417754,5.36,471031528,AS
13700000,1967930734,Comedy,O Que NÃ¯Â¿Â½Ã¯Â¿Â½Ã¯Â¿Â½Ã¯Â¿Â½Ã¯Â¿Â½Ã¯Â¿,696,Brazil,Entertainment,5035,47,159,87804000,22000.0,351200.0,263400.0,4200000.0,200000,2015,51.3,212559417,128.0,183241641,SA
13700000,1973638757,Entertainment,Goldmines Premiere,975,India,Film,5047,113,41,37648000,9400.0,150600.0,112900.0,1800000.0,100000,2013,28.1,1366417754,5.36,471031528,AS
13700000,9596430464,Comedy,The Vishal bhatt,1040,India,Comedy,487,113,36,379240000,94800.0,1500000.0,1100000.0,18200000.0,600000,2021,28.1,1366417754,5.36,471031528,AS
13700000,2939201386,Howto & Style,NishaMadhulika,2158,India,Howto,2972,113,29,22235000,5600.0,88900.0,66700.0,1100000.0,100000,2009,28.1,1366417754,5.36,471031528,AS
13700000,5178142148,Education,infobells,495,India,Education,1289,113,39,23893000,6000.0,95600.0,71700.0,1100000.0,100000,2011,28.1,1366417754,5.36,471031528,AS
13600000,2122062016,Gaming,Acenix,368,Spain,Games,4572,16,60,47436000,11900.0,189700.0,142300.0,2300000.0,200000,2014,88.9,47076781,13.96,37927409,EU
13600000,1948925559,Sports,DALLMYD,412,United States,Sports,5133,164,11,30677000,7700.0,122700.0,92000.0,1500000.0,100000,2011,88.2,328239523,14.7,270663028,NA
13600000,3764608356,Music,Lindsey Stirling,199,United States,Music,2084,163,139,15277000,3800.0,61100.0,45800.0,733300.0,100000,2007,88.2,328239523,14.7,270663028,NA
13600000,5141201173,Education,JOJO TV - Hindi Stories,1097,India,Film,1303,114,42,10764000,2700.0,43100.0,32300.0,516700.0,100000,2016,28.1,1366417754,5.36,471031528,AS
13600000,9685060624,Pets & Animals,BBC,16047,United Kingdom,Entertainment,474,29,160,44414000,11100.0,177700.0,133200.0,2100000.0,100000,2005,60.0,66834405,3.85,55908316,EU
13500000,5380132790,Entertainment,Julia Gisella,19,United Kingdom,Music,3767960,2492,3189,1615,0.4,6.0,5.0,78.0,130,2015,60.0,66834405,3.85,55908316,EU
13500000,5545936485,Music,Awakening Music,814,United Kingdom,Music,1183,30,140,35309000,8800.0,141200.0,105900.0,1700000.0,100000,2006,60.0,66834405,3.85,55908316,EU
13500000,8265920659,Entertainment,Lady Diana,1403,Ukraine,People,620,4,52,75162000,18800.0,300600.0,225500.0,3600000.0,100000,2016,82.7,44385155,8.88,30835699,EU
13500000,3912334359,Entertainment,Sanjoy Das Official,1793,India,Games,1954,114,60,179232000,44800.0,716900.0,537700.0,8600000.0,400000,2015,28.1,1366417754,5.36,471031528,AS
13500000,11717217293,Comedy,Woody & Kleiny,975,United Kingdom,Entertainment,333,29,160,495561000,123900.0,2000000.0,1500000.0,23800000.0,400000,2013,60.0,66834405,3.85,55908316,EU
13500000,7958771872,Entertainment,Vijay Kumar Viner Vlogs,1357,India,Entertainment,663,116,162,109813000,27500.0,439300.0,329400.0,5300000.0,300000,2019,28.1,1366417754,5.36,471031528,AS
13500000,1900272833,Howto & Style,Wengie,462,United States,Howto,5297,165,30,1335000,334.0,5300.0,4000.0,64100.0,100000,2010,88.2,328239523,14.7,270663028,NA
13400000,11789678655,Music,Codiscos,7356,Colombia,Music,330,9,140,228902000,57200.0,915600.0,686700.0,11000000.0,100000,2007,55.3,50339443,9.71,40827302,SA
13400000,9569814790,News & Politics,GMA Integrated News,296272,Philippines,News,486,10,22,115459000,28900.0,461800.0,346400.0,5500000.0,100000,2007,35.5,108116615,2.15,50975903,AS
13400000,10022557589,People & Blogs,Peet Montzingo,319,United States,People,433,165,52,397715000,99400.0,1600000.0,1200000.0,19100000.0,500000,2014,88.2,328239523,14.7,270663028,NA
13400000,4306212515,People & Blogs,Tom Duggan,96,United States,Sports,3846885,7615,4466,3,0.0,1.0,1.0,0.14,1,2006,88.2,328239523,14.7,270663028,NA
13300000,2262690743,Science & Technology,Trakin Tech,3640,India,Tech,4152,116,16,43669000,10900.0,174700.0,131000.0,2100000.0,100000,2011,28.1,1366417754,5.36,471031528,AS
13300000,4177184071,Entertainment,Vogue,3166,United States,People,1789,167,54,45095000,11300.0,180400.0,135300.0,2200000.0,100000,2008,88.2,328239523,14.7,270663028,NA
13300000,6482687220,People & Blogs,Ã½Ã½Ã½Ã½Ã½Ã½Ã½Ã½Ã½Ã½Ã½Ã½Ã½Ã½Ã½Ã½Ã½Ã½,608,Russia,Entertainment,927,13,163,90241000,22600.0,361000.0,270700.0,4300000.0,100000,2015,81.9,144373535,4.59,107683889,EU
13300000,9088562002,People & Blogs,Kids LineÃ¯Â¿Â½Ã¯Â¿Â½Ã¯Â¿Â½Ã¯Â¿Â½Ã¯Â¿Â½Ã¯Â¿Â½Ã¯Â¿Â½,2742,United States,Education,524,166,41,161889000,40500.0,647600.0,485700.0,7800000.0,100000,2011,88.2,328239523,14.7,270663028,NA
13300000,7773543609,Gaming,penguinz0,4613,United States,Entertainment,689,166,162,188948000,47200.0,755800.0,566800.0,9100000.0,200000,2007,88.2,328239523,14.7,270663028,NA
13300000,7406628736,Comedy,Just For Laughs Gags,6916,United States,Comedy,764,167,38,17468000,4400.0,69900.0,52400.0,838500.0,100000,2007,88.2,328239523,14.7,270663028,NA
13300000,4129249415,Gaming,BanderitaX,1640,Saudi Arabia,Games,1818,7,63,70712000,17700.0,282800.0,212100.0,3400000.0,200000,2013,68.0,34268528,5.93,28807838,AS
13300000,6412313570,Gaming,AzzyLand,1749,Canada,Entertainment,949,12,163,5387000,1300.0,21500.0,16200.0,258600.0,100000,2015,68.9,36991981,5.56,30628482,NA
13200000,9884886099,Entertainment,HUBAÃ¯Â¿Â½Ã¯Â¿Â½,538,United States,Entertainment,454,167,163,319647000,79900.0,1300000.0,958900.0,15300000.0,500000,2021,88.2,328239523,14.7,270663028,NA
13200000,1148422000,Entertainment,BIBO Ã¯Â¿Â½Ã¯Â¿Â½Ã¯Â¿Â½Ã¯Â¿Â½Ã¯Â¿Â½Ã¯Â¿,192,Russia,Entertainment,9855,13,163,8769000,2200.0,35100.0,26300.0,420900.0,200000,2019,81.9,144373535,4.59,107683889,EU
13200000,5224764969,Entertainment,MC Divertida,413,Brazil,Entertainment,1269,49,164,64517000,16100.0,258100.0,193600.0,3100000.0,100000,2018,51.3,212559417,128.0,183241641,SA
13200000,5263540904,Education,The Infographics Show,4279,United States,Education,1252,168,42,51820000,13000.0,207300.0,155500.0,2500000.0,100000,2011,88.2,328239523,14.7,270663028,NA
13200000,9378175604,People & Blogs,Ã½Ã½Ã½Ã½Ã½Ã½TwinsFromRussia,6888,United States,People,503,168,55,119389000,29800.0,477600.0,358200.0,5700000.0,300000,2011,88.2,328239523,14.7,270663028,NA
13200000,1138262456,Science & Technology,Technology Gyan,1022,India,Tech,9955,118,17,18518000,4600.0,74100.0,55600.0,888900.0,100000,2015,28.1,1366417754,5.36,471031528,AS
13100000,2182651464,Entertainment,Ryan Trahan,33,United States,People,4051001,7683,7670,248,6.0,0.99,0.74,12.0,1,2022,88.2,328239523,14.7,270663028,NA
13100000,4712624489,Music,Lokdhun Punjabi,1262,India,Music,1484,119,143,34438000,8600.0,137800.0,103300.0,1700000.0,100000,2010,28.1,1366417754,5.36,471031528,AS
13100000,2555801802,People & Blogs,Painzeiro,1077,Brazil,People,3545,50,56,43990000,11000.0,176000.0,132000.0,2100000.0,100000,2015,51.3,212559417,128.0,183241641,SA
13100000,4214172991,Film & Animation,Peppa Pig em PortuguÃ¯Â¿Â½Ã¯Â¿Â½Ã¯Â¿Â½Ã¯Â¿Â½Ã¯Â¿Â½Ã¯Â¿Â½Ã¯Â¿Â½Ã¯Â¿Â½Ã¯Â¿Â½,1365,Brazil,Film,1770,49,43,27340000,6800.0,109400.0,82000.0,1300000.0,100000,2014,51.3,212559417,128.0,183241641,SA
13100000,4399833602,People & Blogs,Ã½Ã½Ã½Ã½Ã½Ã½Ã½Ã½Ã½Ã½Ã½Ã½Ã½Ã½Ã½ Ms Yeah,435,United States,Howto,1650,169,34,60661000,15200.0,242600.0,182000.0,2900000.0,100000,2017,88.2,328239523,14.7,270663028,NA
13100000,2879263916,People & Blogs,RaptorGamer,1444,Ecuador,Games,3044,2,65,62909000,15700.0,251600.0,188700.0,3000000.0,300000,2016,44.9,17373662,3.97,11116711,SA
13100000,6637820731,Music,DjKhaled,12,Samoa,Music,3967392,81,5659,379,9.0,2.0,1.0,18.0,3,2006,7.6,202506,8.36,35588,OC
13000000,2683297849,Entertainment,Davie504,838,Italy,Entertainment,3340,2,166,29870000,7500.0,119500.0,89600.0,1400000.0,100000,2011,61.9,60297396,9.89,42651966,EU
13000000,10664585,Entertainment,Calon Sarjana,29,Indonesia,Entertainment,772571,31,166,2292000000,0.0,0.0,0.0,0.0,300000,2016,36.3,270203917,4.69,151509724,AS
13000000,1698279553,Music,Lofi Girl,409,France,Music,6059,3,143,30471000,7600.0,121900.0,91400.0,1500000.0,100000,2015,65.6,67059887,8.43,54123364,EU
13000000,8739174649,Gaming,GH'S,510,South Korea,Games,553,15,65,1081000000,270300.0,4300000.0,3200000.0,51900000.0,1000000,2020,94.3,51709098,4.15,42106719,AS
13000000,6270909026,Entertainment,Susy Mouriz,1299,Mexico,Entertainment,969,31,165,368437000,92100.0,1500000.0,1100000.0,17700000.0,600000,2017,40.2,126014024,3.42,102626859,NA
12900000,2112274210,People & Blogs,Pastor AntÃ¯Â¿Â½Ã¯Â¿Â½Ã¯Â¿Â½Ã¯Â¿Â½Ã¯,4712,Brazil,People,4602,52,58,31796000,7900.0,127200.0,95400.0,1500000.0,100000,2013,51.3,212559417,128.0,183241641,SA
12900000,2509752944,Sports,gymvirtual,1572,Spain,Sports,3645,17,12,11993000,3000.0,48000.0,36000.0,575700.0,100000,2010,88.9,47076781,13.96,37927409,EU
12900000,3643698504,Entertainment,Top Viral Talent,1598,United States,Entertainment,2177,171,167,29379000,7300.0,117500.0,88100.0,1400000.0,100000,2014,88.2,328239523,14.7,270663028,NA
12900000,6300933122,Music,Akon,39,United States,Music,976,171,145,91240000,22800.0,365000.0,273700.0,4400000.0,100000,2005,88.2,328239523,14.7,270663028,NA
12900000,7520379951,People & Blogs,AlArabiya Ã¯Â¿Â½Ã¯Â¿Â½Ã¯Â¿Â½Ã¯Â¿Â½Ã¯Â¿,169304,United Arab Emirates,News,737,8,23,80219000,20100.0,320900.0,240700.0,3900000.0,100000,2006,36.8,9770529,2.35,8479744,AS
12900000,15446707595,Music,EnriqueIglesiasVEVO,137,United States,Music,210,171,145,75773000,18900.0,303100.0,227300.0,3600000.0,100000,2009,88.2,328239523,14.7,270663028,NA
12900000,5585085130,Shows,Ã½Ã½Ã½Ã½Ã½Ã½Ã½Ã½ Ã½Ã½Ã½Ã½ Ã½Ã½Ã½Ã½Ã½Ã½Ã½Ã½Ã½Ã½Ã½Ã½Ã½Ã½,1255,Ukraine,Entertainment,1164,6,166,71118000,17800.0,284500.0,213400.0,3400000.0,200000,2014,82.7,44385155,8.88,30835699,EU
12800000,6662288136,Music,Duo Tiempo De Sol,323,Spain,Education,896,17,44,53988000,13500.0,216000.0,162000.0,2600000.0,100000,2013,88.9,47076781,13.96,37927409,EU
12800000,9502983550,Comedy,Adam W,681,United States,Comedy,492,171,39,228951000,57200.0,915800.0,686900.0,11000000.0,200000,2015,88.2,328239523,14.7,270663028,NA
12800000,7876740921,Education,Right to Shiksha,2044,India,Education,670,120,45,213738000,53400.0,855000.0,641200.0,10300000.0,300000,2020,28.1,1366417754,5.36,471031528,AS
12700000,4266957149,Comedy,Franco Escamilla,2483,Mexico,Comedy,1740,32,41,77482000,19400.0,309900.0,232400.0,3700000.0,100000,2007,40.2,126014024,3.42,102626859,NA
12700000,9927699419,Music,Future AMV's,119,United States,Film,270216,1944,1473,472367,118.0,1900.0,1400.0,22700.0,1000,2020,88.2,328239523,14.7,270663028,NA
12700000,13174393401,Entertainment,YoungBoy Never Broke Again,142,United States,Music,279,173,147,169968000,42500.0,679900.0,509900.0,8200000.0,100000,2015,88.2,328239523,14.7,270663028,NA
12700000,4733873025,Howto & Style,Blossom,812,United States,Howto,1472,173,36,43868000,11000.0,175500.0,131600.0,2100000.0,100000,2017,88.2,328239523,14.7,270663028,NA
12700000,1714955279,People & Blogs,Go Ami Go!,252,Colombia,People,5821,11,57,327600000,81900.0,1300000.0,982800.0,15700000.0,1500000,2015,55.3,50339443,9.71,40827302,SA
12600000,3303595310,Gaming,Morgz,825,United Kingdom,Entertainment,2491,32,170,58838000,14700.0,235400.0,176500.0,2800000.0,100000,2014,60.0,66834405,3.85,55908316,EU
12600000,3152402405,People & Blogs,CaseyNeistat,1101,United States,People,2681,174,61,5952000,1500.0,23800.0,17900.0,285700.0,100000,2010,88.2,328239523,14.7,270663028,NA
12600000,3485373675,People & Blogs,Ã½Ã½Ã½Ã½Ã½Ã½Ã½Ã½Ã½SULGI,683,South Korea,People,2313,17,61,113132000,28300.0,452500.0,339400.0,5400000.0,300000,2012,94.3,51709098,4.15,42106719,AS
12500000,2983799729,Howto & Style,First We Feast,1076,United States,Entertainment,2892,175,171,111252000,27800.0,445000.0,333800.0,5300000.0,200000,2014,88.2,328239523,14.7,270663028,NA
12500000,4935793409,Entertainment,NDTV,151136,India,News,1395,123,24,58527000,14600.0,234100.0,175600.0,2800000.0,100000,2006,28.1,1366417754,5.36,471031528,AS
12500000,7489455451,Music,elcarteldesantatv,377,Mexico,Entertainment,743,33,171,115881000,29000.0,463500.0,347600.0,5600000.0,100000,2008,40.2,126014024,3.42,102626859,NA
12500000,10384848759,Entertainment,Family Fitness,1699,India,Entertainment,413,123,171,235715000,58900.0,942900.0,707100.0,11300000.0,400000,2017,28.1,1366417754,5.36,471031528,AS
12500000,11552190002,Entertainment,Zee Tamil,102699,India,Entertainment,342,123,171,349940000,87500.0,1400000.0,1000000.0,16800000.0,200000,2008,28.1,1366417754,5.36,471031528,AS
12500000,11691081301,Entertainment,Flowers Comedy,11907,India,Entertainment,337,122,170,180021000,45000.0,720100.0,540100.0,8600000.0,100000,2015,28.1,1366417754,5.36,471031528,AS
12500000,16690788752,Music,Mundo Bita,253,Brazil,Music,171,54,149,213700000,53400.0,854800.0,641100.0,10300000.0,100000,2011,51.3,212559417,128.0,183241641,SA
12400000,7597013023,Comedy,_vector_,398,United States,Comedy,720,176,43,903672000,225900.0,3600000.0,2700000.0,43400000.0,1200000,2019,88.2,328239523,14.7,270663028,NA
12400000,2840137980,Gaming,Timba Vk,1024,Spain,Games,3116,19,68,24022000,6000.0,96100.0,72100.0,1200000.0,100000,2012,88.9,47076781,13.96,37927409,EU
12400000,6933660906,Gaming,DaniRep | +6 VÃ¯Â¿Â½Ã¯Â¿Â½Ã¯Â¿Â½Ã¯Â¿Â½Ã¯Â¿Â½Ã¯Â¿Â½Ã¯Â¿Â½Ã¯Â¿Â½Ã¯Â¿Â½Ã¯Â¿Â½Ã¯,12419,Spain,Games,847,19,68,82648000,20700.0,330600.0,247900.0,4000000.0,100000,2012,88.9,47076781,13.96,37927409,EU
12400000,7683670251,Film & Animation,Zee Kids,1212,India,Entertainment,709,124,172,95163000,23800.0,380700.0,285500.0,4600000.0,100000,2012,28.1,1366417754,5.36,471031528,AS
12400000,2315226648,Howto & Style,bharatzkitchen HINDI,729,India,Howto,4042,124,38,30968000,7700.0,123900.0,92900.0,1500000.0,100000,2016,28.1,1366417754,5.36,471031528,AS
12400000,4779139505,Education,Caylus,1340,United States,Games,1442,175,68,177600000,44400.0,710400.0,532800.0,8500000.0,400000,2016,88.2,328239523,14.7,270663028,NA
12400000,6993406259,Music,Migos ATL,99,United States,Entertainment,833,175,171,49412000,12400.0,197600.0,148200.0,2400000.0,100000,2012,88.2,328239523,14.7,270663028,NA
12300000,9029609749,Sports,Natan por AÃ¯Â¿,1200,Brazil,Entertainment,525,55,172,552513000,138100.0,2200000.0,1700000.0,26500000.0,700000,2017,51.3,212559417,128.0,183241641,SA
12300000,1674409945,People & Blogs,Free Fire India Official,1500,India,Games,6141,125,69,64735000,16200.0,258900.0,194200.0,3100000.0,300000,2018,28.1,1366417754,5.36,471031528,AS
12300000,374123483,Gaming,RobTopGames,39,Sweden,Games,35112,4,69,3871000,968.0,15500.0,11600.0,185800.0,100000,2012,67.0,10285453,6.48,9021165,EU
12300000,2129773714,Comedy,Make Joke Of,62,India,Comedy,4568,125,44,24000000,6000.0,96000.0,72000.0,1200000.0,100000,2017,28.1,1366417754,5.36,471031528,AS
